episode,total_reward,episode_length,reshuffles_performed,total_distance_reduced,total_time_saved,cubes_picked,success,algorithm,scenario,planner,seed,run_id
1,70.5276840439045,9,5,0.7638420219522507,1.5276840439045014,9,1.0,MASAC,grid4_cubes9_astar,A*,-1,1
2,69.05110342409249,9,5,0.7755517120462448,1.5511034240924897,9,1.0,MASAC,grid4_cubes9_astar,A*,-1,1
3,44.419802140256124,9,5,1.2099010701280624,2.4198021402561247,9,1.0,MASAC,grid4_cubes9_astar,A*,-1,1
4,123.23772434964671,8,5,1.118862174823359,2.237724349646718,8,0.8888888888888888,MASAC,grid4_cubes9_astar,A*,-1,1
5,83.05133754097628,9,5,0.7756687704881347,1.5513375409762693,9,1.0,MASAC,grid4_cubes9_astar,A*,-1,1
6,164.8326704012824,9,5,0.666335200641197,1.332670401282394,9,1.0,MASAC,grid4_cubes9_astar,A*,-1,1
7,84.1855807052936,9,5,0.3427903526468039,0.6855807052936078,9,1.0,MASAC,grid4_cubes9_astar,A*,-1,1
8,59.14990553620585,9,5,1.5749527681029254,3.149905536205851,9,1.0,MASAC,grid4_cubes9_astar,A*,-1,1
9,134.28037735028354,9,5,1.1401886751417756,2.280377350283551,9,1.0,MASAC,grid4_cubes9_astar,A*,-1,1
10,204.00330509785564,9,5,1.2516525489278352,2.5033050978556703,9,1.0,MASAC,grid4_cubes9_astar,A*,-1,1
11,123.18297167715984,9,5,1.0914858385799224,2.182971677159845,9,1.0,MASAC,grid4_cubes9_astar,A*,-1,1
12,171.78813312908392,9,5,0.8940665645419622,1.7881331290839244,9,1.0,MASAC,grid4_cubes9_astar,A*,-1,1
13,100.21139153046695,9,5,0.10569576523348101,0.21139153046696202,9,1.0,MASAC,grid4_cubes9_astar,A*,-1,1
14,165.10170541664343,8,5,0.5508527083217168,1.1017054166434337,8,0.8888888888888888,MASAC,grid4_cubes9_astar,A*,-1,1
15,89.41409028561435,9,5,0.7070451428071761,1.4140902856143522,9,1.0,MASAC,grid4_cubes9_astar,A*,-1,1
16,70.83039576913949,9,5,0.9151978845697434,1.8303957691394868,9,1.0,MASAC,grid4_cubes9_astar,A*,-1,1
17,123.05884177468201,9,5,1.0294208873410042,2.0588417746820085,9,1.0,MASAC,grid4_cubes9_astar,A*,-1,1
18,41.41349338227937,9,5,0.20674669113968613,0.41349338227937227,9,1.0,MASAC,grid4_cubes9_astar,A*,-1,1
19,161.10843295685436,9,5,1.0542164784271892,2.1084329568543785,9,1.0,MASAC,grid4_cubes9_astar,A*,-1,1
20,70.99153478052254,9,5,0.9957673902612717,1.9915347805225434,9,1.0,MASAC,grid4_cubes9_astar,A*,-1,1
21,26.435939991192086,9,5,0.7179699955960424,1.4359399911920847,9,1.0,MASAC,grid4_cubes9_astar,A*,-1,1
22,125.16698627248302,8,5,1.3334931362415108,2.6669862724830216,8,0.8888888888888888,MASAC,grid4_cubes9_astar,A*,-1,1
23,124.65851576111694,9,5,1.0792578805584725,2.158515761116945,9,1.0,MASAC,grid4_cubes9_astar,A*,-1,1
24,156.02742532202922,8,5,0.7637126610146197,1.5274253220292393,8,0.8888888888888888,MASAC,grid4_cubes9_astar,A*,-1,1
25,127.51564594311802,9,5,0.757822971559012,1.515645943118024,9,1.0,MASAC,grid4_cubes9_astar,A*,-1,1
26,123.5490696077151,9,5,0.2745348038575537,0.5490696077151074,9,1.0,MASAC,grid4_cubes9_astar,A*,-1,1
27,83.83173686107462,9,5,1.1658684305373104,2.3317368610746207,9,1.0,MASAC,grid4_cubes9_astar,A*,-1,1
28,83.70022195419138,9,5,1.1001109770956905,2.200221954191381,9,1.0,MASAC,grid4_cubes9_astar,A*,-1,1
29,163.6839040870673,8,5,0.8419520435336508,1.6839040870673017,8,0.8888888888888888,MASAC,grid4_cubes9_astar,A*,-1,1
30,59.107893083126626,9,5,1.5539465415633136,3.107893083126627,9,1.0,MASAC,grid4_cubes9_astar,A*,-1,1
31,83.19125231352996,9,5,0.8456261567649777,1.6912523135299553,9,1.0,MASAC,grid4_cubes9_astar,A*,-1,1
32,82.57540851914095,9,5,0.5377042595704711,1.0754085191409422,9,1.0,MASAC,grid4_cubes9_astar,A*,-1,1
33,83.85685226681956,9,5,1.1784261334097796,2.3568522668195593,9,1.0,MASAC,grid4_cubes9_astar,A*,-1,1
34,166.44303117653112,8,5,0.4715155882655645,0.943031176531129,8,0.8888888888888888,MASAC,grid4_cubes9_astar,A*,-1,1
35,140.0110238277116,9,5,1.7555119138558086,3.5110238277116173,9,1.0,MASAC,grid4_cubes9_astar,A*,-1,1
36,60.74344600231967,8,5,0.12172300115983725,0.2434460023196745,8,0.8888888888888888,MASAC,grid4_cubes9_astar,A*,-1,1
37,120.75668326508358,9,5,-0.371658367458207,-0.743316734916414,9,1.0,MASAC,grid4_cubes9_astar,A*,-1,1
38,78.90338251460452,9,5,-0.04830874269773955,-0.0966174853954791,9,1.0,MASAC,grid4_cubes9_astar,A*,-1,1
39,219.2322576497355,8,5,1.1161288248677437,2.2322576497354873,8,0.8888888888888888,MASAC,grid4_cubes9_astar,A*,-1,1
40,166.055115052382,9,5,1.2775575261910137,2.5551150523820274,9,1.0,MASAC,grid4_cubes9_astar,A*,-1,1
41,88.93524652561014,9,5,1.4676232628050716,2.935246525610143,9,1.0,MASAC,grid4_cubes9_astar,A*,-1,1
42,125.04952331480938,9,5,1.2747616574046905,2.549523314809381,9,1.0,MASAC,grid4_cubes9_astar,A*,-1,1
43,106.79127702477702,9,5,0.645638512388509,1.291277024777018,9,1.0,MASAC,grid4_cubes9_astar,A*,-1,1
44,83.8660034521467,8,5,1.1830017260733516,2.3660034521467033,8,0.8888888888888888,MASAC,grid4_cubes9_astar,A*,-1,1
45,83.60480087837045,9,5,1.052400439185229,2.104800878370458,9,1.0,MASAC,grid4_cubes9_astar,A*,-1,1
46,220.30837479171845,8,5,1.6541873958592372,3.3083747917184745,8,0.8888888888888888,MASAC,grid4_cubes9_astar,A*,-1,1
47,166.1127041314523,8,5,0.3063520657261397,0.6127041314522794,8,0.8888888888888888,MASAC,grid4_cubes9_astar,A*,-1,1
48,124.30769605420014,9,5,0.9038480271000678,1.8076960542001357,9,1.0,MASAC,grid4_cubes9_astar,A*,-1,1
49,78.94537696708102,8,5,-0.027311516459488816,-0.05462303291897763,8,0.8888888888888888,MASAC,grid4_cubes9_astar,A*,-1,1
50,137.77796357342436,9,5,1.388981786712189,2.777963573424378,9,1.0,MASAC,grid4_cubes9_astar,A*,-1,1
51,164.4839480252,9,5,1.241974012600008,2.483948025200016,9,1.0,MASAC,grid4_cubes9_astar,A*,-1,1
52,83.94889753898447,8,5,1.224448769492236,2.448897538984472,8,0.8888888888888888,MASAC,grid4_cubes9_astar,A*,-1,1
53,119.2295365330447,9,5,-0.38523173347764905,-0.7704634669552981,9,1.0,MASAC,grid4_cubes9_astar,A*,-1,1
54,126.89622866835148,9,5,0.4481143341757441,0.8962286683514882,9,1.0,MASAC,grid4_cubes9_astar,A*,-1,1
55,165.9120442353883,9,5,1.206022117694157,2.412044235388314,9,1.0,MASAC,grid4_cubes9_astar,A*,-1,1
56,139.63922880445568,9,5,1.5696144022278506,3.1392288044557013,9,1.0,MASAC,grid4_cubes9_astar,A*,-1,1
57,166.56948740221776,9,5,0.5347437011088849,1.0694874022177698,9,1.0,MASAC,grid4_cubes9_astar,A*,-1,1
58,149.92347078099743,8,5,0.9617353904987128,1.9234707809974256,8,0.8888888888888888,MASAC,grid4_cubes9_astar,A*,-1,1
59,39.40551100904176,9,5,-0.0472444954791188,-0.0944889909582376,9,1.0,MASAC,grid4_cubes9_astar,A*,-1,1
60,123.75333257718174,9,5,0.37666628859087237,0.7533325771817447,9,1.0,MASAC,grid4_cubes9_astar,A*,-1,1
61,44.406172226926046,9,5,1.2030861134630233,2.4061722269260466,9,1.0,MASAC,grid4_cubes9_astar,A*,-1,1
62,120.86476012514063,9,5,-0.31761993742967776,-0.6352398748593555,9,1.0,MASAC,grid4_cubes9_astar,A*,-1,1
63,86.04787382949252,9,5,0.5239369147462607,1.0478738294925214,9,1.0,MASAC,grid4_cubes9_astar,A*,-1,1
64,180.63279634283398,8,5,1.5663981714170037,3.1327963428340073,8,0.8888888888888888,MASAC,grid4_cubes9_astar,A*,-1,1
65,29.679354035572274,9,5,0.8396770177861363,1.6793540355722727,9,1.0,MASAC,grid4_cubes9_astar,A*,-1,1
66,121.59540014043345,8,5,1.0477000702167305,2.095400140433461,8,0.8888888888888888,MASAC,grid4_cubes9_astar,A*,-1,1
67,110.32680803378885,8,5,0.9134040168944271,1.8268080337888541,8,0.8888888888888888,MASAC,grid4_cubes9_astar,A*,-1,1
68,178.91122954758154,9,5,-0.04438522620922314,-0.08877045241844628,9,1.0,MASAC,grid4_cubes9_astar,A*,-1,1
69,125.10956944045881,9,5,0.30478472022940417,0.6095694404588083,9,1.0,MASAC,grid4_cubes9_astar,A*,-1,1
70,85.82805368664988,9,5,1.4140268433249408,2.8280536866498815,9,1.0,MASAC,grid4_cubes9_astar,A*,-1,1
71,121.71945710206748,9,5,0.35972855103374135,0.7194571020674827,9,1.0,MASAC,grid4_cubes9_astar,A*,-1,1
72,199.54414763337863,9,5,0.5220738166893284,1.0441476333786568,9,1.0,MASAC,grid4_cubes9_astar,A*,-1,1
73,100.42594512400585,9,5,1.7129725620029266,3.425945124005853,9,1.0,MASAC,grid4_cubes9_astar,A*,-1,1
74,166.56825978495397,9,5,0.5341298924769879,1.0682597849539759,9,1.0,MASAC,grid4_cubes9_astar,A*,-1,1
75,69.22820193674202,9,5,0.8641009683710129,1.7282019367420258,9,1.0,MASAC,grid4_cubes9_astar,A*,-1,1
76,120.0290454248914,8,5,0.014522712445700248,0.029045424891400495,8,0.8888888888888888,MASAC,grid4_cubes9_astar,A*,-1,1
77,84.09690198768038,9,5,0.2984509938401938,0.5969019876803876,9,1.0,MASAC,grid4_cubes9_astar,A*,-1,1
78,125.09423212781444,9,5,1.2971160639072212,2.5942321278144425,9,1.0,MASAC,grid4_cubes9_astar,A*,-1,1
79,141.29417405878155,8,5,1.647087029390784,3.294174058781568,8,0.8888888888888888,MASAC,grid4_cubes9_astar,A*,-1,1
80,103.49003369345671,9,5,1.745016846728356,3.490033693456712,9,1.0,MASAC,grid4_cubes9_astar,A*,-1,1
81,82.57704657398867,8,5,0.5385232869943297,1.0770465739886594,8,0.8888888888888888,MASAC,grid4_cubes9_astar,A*,-1,1
82,68.9269088020527,9,5,0.7134544010263474,1.4269088020526948,9,1.0,MASAC,grid4_cubes9_astar,A*,-1,1
83,123.59420951409427,9,5,0.2971047570471407,0.5942095140942814,9,1.0,MASAC,grid4_cubes9_astar,A*,-1,1
84,70.7232477528721,9,5,0.8616238764360482,1.7232477528720964,9,1.0,MASAC,grid4_cubes9_astar,A*,-1,1
85,207.22935339896958,8,5,1.3646766994847854,2.729353398969571,8,0.8888888888888888,MASAC,grid4_cubes9_astar,A*,-1,1
86,29.6784102556269,9,5,0.8392051278134496,1.6784102556268992,9,1.0,MASAC,grid4_cubes9_astar,A*,-1,1
87,110.29063743194406,9,5,0.8953187159720333,1.7906374319440665,9,1.0,MASAC,grid4_cubes9_astar,A*,-1,1
88,83.70043895009287,9,5,1.1002194750464374,2.2004389500928747,9,1.0,MASAC,grid4_cubes9_astar,A*,-1,1
89,166.16496375510417,9,5,1.3324818775520955,2.664963755104191,9,1.0,MASAC,grid4_cubes9_astar,A*,-1,1
90,65.48196087905465,9,5,0.4909804395273263,0.9819608790546526,9,1.0,MASAC,grid4_cubes9_astar,A*,-1,1
91,44.13966329004403,9,5,1.0698316450220138,2.1396632900440276,9,1.0,MASAC,grid4_cubes9_astar,A*,-1,1
92,44.5130652895176,9,5,1.2565326447587997,2.5130652895175993,9,1.0,MASAC,grid4_cubes9_astar,A*,-1,1
93,85.76906749966868,9,5,1.3845337498343402,2.7690674996686804,9,1.0,MASAC,grid4_cubes9_astar,A*,-1,1
94,98.14721734061247,9,5,1.3236086703062369,2.6472173406124737,9,1.0,MASAC,grid4_cubes9_astar,A*,-1,1
95,83.92583483299082,9,5,1.2129174164954097,2.4258348329908195,9,1.0,MASAC,grid4_cubes9_astar,A*,-1,1
96,120.06372233433811,9,5,0.0318611671690584,0.0637223343381168,9,1.0,MASAC,grid4_cubes9_astar,A*,-1,1
97,161.41419846751012,8,5,0.20709923375506412,0.41419846751012823,8,0.8888888888888888,MASAC,grid4_cubes9_astar,A*,-1,1
98,141.13284034363414,8,5,1.5664201718170818,3.1328403436341636,8,0.8888888888888888,MASAC,grid4_cubes9_astar,A*,-1,1
99,66.08503720630068,9,5,0.542518603150344,1.085037206300688,9,1.0,MASAC,grid4_cubes9_astar,A*,-1,1
100,218.25227873866538,8,5,1.376139369332693,2.752278738665386,8,0.8888888888888888,MASAC,grid4_cubes9_astar,A*,-1,1
101,125.26859947247593,9,5,0.3842997362379671,0.7685994724759342,9,1.0,MASAC,grid4_cubes9_astar,A*,-1,1
102,123.0972739912559,7,5,1.0486369956279549,2.0972739912559097,7,0.7777777777777778,MASAC,grid4_cubes9_astar,A*,-1,1
103,122.03727348847477,9,5,0.26863674423738726,0.5372734884747745,9,1.0,MASAC,grid4_cubes9_astar,A*,-1,1
104,68.53037843617918,9,5,0.5151892180895861,1.0303784361791721,9,1.0,MASAC,grid4_cubes9_astar,A*,-1,1
105,124.97147707715526,9,5,1.2357385385776314,2.4714770771552628,9,1.0,MASAC,grid4_cubes9_astar,A*,-1,1
106,146.05727696041487,8,5,0.5286384802074272,1.0572769604148544,8,0.8888888888888888,MASAC,grid4_cubes9_astar,A*,-1,1
107,122.27528517263767,9,5,0.6376425863188304,1.2752851726376608,9,1.0,MASAC,grid4_cubes9_astar,A*,-1,1
108,127.26850613160221,9,5,0.634253065801108,1.268506131602216,9,1.0,MASAC,grid4_cubes9_astar,A*,-1,1
109,166.1363259750907,9,5,0.318162987545352,0.636325975090704,9,1.0,MASAC,grid4_cubes9_astar,A*,-1,1
110,128.16403968117615,9,5,1.3320198405880745,2.664039681176149,9,1.0,MASAC,grid4_cubes9_astar,A*,-1,1
111,210.81795177057197,9,5,0.6589758852859879,1.3179517705719759,9,1.0,MASAC,grid4_cubes9_astar,A*,-1,1
112,78.96522662509341,9,5,-0.017386687453293748,-0.034773374906587495,9,1.0,MASAC,grid4_cubes9_astar,A*,-1,1
113,137.65281423917907,9,5,1.326407119589541,2.652814239179082,9,1.0,MASAC,grid4_cubes9_astar,A*,-1,1
114,98.28712803854948,8,5,1.3935640192747427,2.7871280385494854,8,0.8888888888888888,MASAC,grid4_cubes9_astar,A*,-1,1
115,122.81021710333782,7,5,0.9051085516689116,1.8102171033378232,7,0.7777777777777778,MASAC,grid4_cubes9_astar,A*,-1,1
116,161.02248437039043,9,5,1.0112421851952251,2.0224843703904503,9,1.0,MASAC,grid4_cubes9_astar,A*,-1,1
117,209.7900353255223,9,5,0.8950176627611598,1.7900353255223196,9,1.0,MASAC,grid4_cubes9_astar,A*,-1,1
118,162.8900762532632,9,5,0.19503812663159625,0.3900762532631925,9,1.0,MASAC,grid4_cubes9_astar,A*,-1,1
119,162.72289324668515,9,5,0.11144662334256661,0.22289324668513322,9,1.0,MASAC,grid4_cubes9_astar,A*,-1,1
120,121.8342601033643,9,5,0.16713005168215278,0.33426010336430556,9,1.0,MASAC,grid4_cubes9_astar,A*,-1,1
121,29.643614017681344,9,5,0.8218070088406713,1.6436140176813425,9,1.0,MASAC,grid4_cubes9_astar,A*,-1,1
122,29.634142124370797,9,5,0.8170710621853978,1.6341421243707956,9,1.0,MASAC,grid4_cubes9_astar,A*,-1,1
123,121.70693012280552,9,5,0.10346506140276202,0.20693012280552403,9,1.0,MASAC,grid4_cubes9_astar,A*,-1,1
124,44.42247362043496,9,5,1.2112368102174789,2.4224736204349577,9,1.0,MASAC,grid4_cubes9_astar,A*,-1,1
125,177.32306175993298,9,5,1.4115308799665032,2.8230617599330063,9,1.0,MASAC,grid4_cubes9_astar,A*,-1,1
126,83.95910674175089,9,5,1.2295533708754451,2.4591067417508903,9,1.0,MASAC,grid4_cubes9_astar,A*,-1,1
127,128.43072550073163,8,5,1.4653627503658089,2.9307255007316177,8,0.8888888888888888,MASAC,grid4_cubes9_astar,A*,-1,1
128,207.0330669240794,9,5,1.2665334620397148,2.5330669240794297,9,1.0,MASAC,grid4_cubes9_astar,A*,-1,1
129,83.96453648647135,8,5,1.2322682432356746,2.4645364864713493,8,0.8888888888888888,MASAC,grid4_cubes9_astar,A*,-1,1
130,125.54745598836033,9,5,0.5237279941801668,1.0474559883603336,9,1.0,MASAC,grid4_cubes9_astar,A*,-1,1
131,85.86593652756534,9,5,0.4329682637826705,0.865936527565341,9,1.0,MASAC,grid4_cubes9_astar,A*,-1,1
132,124.86758856549754,9,5,1.183794282748774,2.367588565497548,9,1.0,MASAC,grid4_cubes9_astar,A*,-1,1
133,99.90527116875073,9,5,1.4526355843753653,2.9052711687507307,9,1.0,MASAC,grid4_cubes9_astar,A*,-1,1
134,166.42099193528102,9,5,0.7104959676405116,1.4209919352810232,9,1.0,MASAC,grid4_cubes9_astar,A*,-1,1
135,164.58986452529155,8,5,1.2949322626457844,2.589864525291569,8,0.8888888888888888,MASAC,grid4_cubes9_astar,A*,-1,1
136,151.35431941447217,9,5,0.9271597072360809,1.8543194144721618,9,1.0,MASAC,grid4_cubes9_astar,A*,-1,1
137,128.34479932561413,9,5,1.4223996628070625,2.844799325614125,9,1.0,MASAC,grid4_cubes9_astar,A*,-1,1
138,120.04921889032872,9,5,0.024609445164361032,0.049218890328722065,9,1.0,MASAC,grid4_cubes9_astar,A*,-1,1
139,65.81944854166146,8,5,0.6597242708307297,1.3194485416614594,8,0.8888888888888888,MASAC,grid4_cubes9_astar,A*,-1,1
140,166.5144733037589,9,5,0.5072366518794561,1.0144733037589122,9,1.0,MASAC,grid4_cubes9_astar,A*,-1,1
141,84.02597313960855,9,5,1.2629865698042781,2.5259731396085563,9,1.0,MASAC,grid4_cubes9_astar,A*,-1,1
142,83.8440000399,8,5,1.1720000199499996,2.344000039899999,8,0.8888888888888888,MASAC,grid4_cubes9_astar,A*,-1,1
143,83.55676418384378,9,5,1.028382091921893,2.056764183843786,9,1.0,MASAC,grid4_cubes9_astar,A*,-1,1
144,124.52331922952973,9,5,1.011659614764865,2.02331922952973,9,1.0,MASAC,grid4_cubes9_astar,A*,-1,1
145,184.08563086584022,9,5,0.2928154329201127,0.5856308658402254,9,1.0,MASAC,grid4_cubes9_astar,A*,-1,1
146,44.57926200563142,9,5,0.2896310028157115,0.579262005631423,9,1.0,MASAC,grid4_cubes9_astar,A*,-1,1
147,164.0430156944945,9,5,0.02150784724724608,0.04301569449449216,9,1.0,MASAC,grid4_cubes9_astar,A*,-1,1
148,98.51078363356548,9,5,1.5053918167827423,3.0107836335654845,9,1.0,MASAC,grid4_cubes9_astar,A*,-1,1
149,119.54675744583581,8,5,-0.226621277082095,-0.45324255416419,8,0.8888888888888888,MASAC,grid4_cubes9_astar,A*,-1,1
150,119.6026736952354,8,5,0.8013368476177009,1.6026736952354017,8,0.8888888888888888,MASAC,grid4_cubes9_astar,A*,-1,1
151,123.43400375619426,8,5,1.2170018780971321,2.4340037561942642,8,0.8888888888888888,MASAC,grid4_cubes9_astar,A*,-1,1
152,122.49664029169847,9,5,-0.2516798541507589,-0.5033597083015178,9,1.0,MASAC,grid4_cubes9_astar,A*,-1,1
153,166.42284801909648,9,5,1.4614240095482502,2.9228480190965005,9,1.0,MASAC,grid4_cubes9_astar,A*,-1,1
154,85.8141790376987,9,5,0.4070895188493491,0.8141790376986981,9,1.0,MASAC,grid4_cubes9_astar,A*,-1,1
155,85.85423920024294,9,5,0.4271196001214743,0.8542392002429486,9,1.0,MASAC,grid4_cubes9_astar,A*,-1,1
156,165.60167427043575,9,5,0.05083713521788191,0.10167427043576382,9,1.0,MASAC,grid4_cubes9_astar,A*,-1,1
157,29.552769505695565,9,5,0.7763847528477819,1.5527695056955637,9,1.0,MASAC,grid4_cubes9_astar,A*,-1,1
158,167.6934599612634,8,5,0.3467299806316878,0.6934599612633756,8,0.8888888888888888,MASAC,grid4_cubes9_astar,A*,-1,1
159,141.76202613941814,9,5,1.88101306970908,3.76202613941816,9,1.0,MASAC,grid4_cubes9_astar,A*,-1,1
160,128.76403820242436,9,5,0.6320191012121821,1.2640382024243642,9,1.0,MASAC,grid4_cubes9_astar,A*,-1,1
161,126.94393932547123,9,5,0.4719696627356196,0.9439393254712392,9,1.0,MASAC,grid4_cubes9_astar,A*,-1,1
162,123.09999712405163,9,5,1.0499985620258148,2.0999971240516295,9,1.0,MASAC,grid4_cubes9_astar,A*,-1,1
163,29.442104184345467,9,5,0.721052092172733,1.442104184345466,9,1.0,MASAC,grid4_cubes9_astar,A*,-1,1
164,78.9487837301578,9,5,-0.025608134921097703,-0.051216269842195405,9,1.0,MASAC,grid4_cubes9_astar,A*,-1,1
165,83.80303797486552,9,5,1.1515189874327594,2.3030379748655188,9,1.0,MASAC,grid4_cubes9_astar,A*,-1,1
166,128.88422270817844,9,5,0.6921113540892244,1.3842227081784488,9,1.0,MASAC,grid4_cubes9_astar,A*,-1,1
167,68.97113115694161,9,5,0.7355655784708054,1.4711311569416108,9,1.0,MASAC,grid4_cubes9_astar,A*,-1,1
168,125.2816846825172,9,5,1.3908423412586006,2.7816846825172012,9,1.0,MASAC,grid4_cubes9_astar,A*,-1,1
169,89.48594663012881,9,5,0.7429733150644064,1.485946630128813,9,1.0,MASAC,grid4_cubes9_astar,A*,-1,1
170,85.90807053912539,9,5,0.45403526956269746,0.9080705391253949,9,1.0,MASAC,grid4_cubes9_astar,A*,-1,1
171,107.32333678089785,9,5,0.16166839044891967,0.32333678089783935,9,1.0,MASAC,grid4_cubes9_astar,A*,-1,1
172,83.57376652797525,9,5,1.0368832639876278,2.0737665279752555,9,1.0,MASAC,grid4_cubes9_astar,A*,-1,1
173,149.54578857198254,9,5,0.7728942859912665,1.545788571982533,9,1.0,MASAC,grid4_cubes9_astar,A*,-1,1
174,166.59372575022496,9,5,0.546862875112486,1.093725750224972,9,1.0,MASAC,grid4_cubes9_astar,A*,-1,1
175,110.35239225467508,9,5,0.9261961273375423,1.8523922546750846,9,1.0,MASAC,grid4_cubes9_astar,A*,-1,1
176,41.02371337271822,9,5,0.011856686359109858,0.023713372718219716,9,1.0,MASAC,grid4_cubes9_astar,A*,-1,1
177,123.15653841271892,9,5,1.0782692063594612,2.1565384127189224,9,1.0,MASAC,grid4_cubes9_astar,A*,-1,1
178,162.46283629843913,9,5,0.9814181492195758,1.9628362984391516,9,1.0,MASAC,grid4_cubes9_astar,A*,-1,1
179,144.77990792547314,9,5,1.8899539627365787,3.7799079254731573,9,1.0,MASAC,grid4_cubes9_astar,A*,-1,1
180,70.83690030481453,9,5,0.9184501524072678,1.8369003048145356,9,1.0,MASAC,grid4_cubes9_astar,A*,-1,1
181,70.73941488172646,9,5,0.8697074408632309,1.7394148817264619,9,1.0,MASAC,grid4_cubes9_astar,A*,-1,1
182,164.28586624418347,8,5,1.1429331220917422,2.2858662441834845,8,0.8888888888888888,MASAC,grid4_cubes9_astar,A*,-1,1
183,120.05638977093784,9,5,0.028194885468924125,0.05638977093784825,9,1.0,MASAC,grid4_cubes9_astar,A*,-1,1
184,124.82230873999553,8,5,1.161154369997769,2.322308739995538,8,0.8888888888888888,MASAC,grid4_cubes9_astar,A*,-1,1
185,125.25072006955638,8,5,1.375360034778193,2.750720069556386,8,0.8888888888888888,MASAC,grid4_cubes9_astar,A*,-1,1
186,85.44970172485178,9,5,1.2248508624258907,2.4497017248517814,9,1.0,MASAC,grid4_cubes9_astar,A*,-1,1
187,80.78981778491396,9,5,0.14490889245698457,0.28981778491396915,9,1.0,MASAC,grid4_cubes9_astar,A*,-1,1
188,110.22675078948801,9,5,0.8633753947440059,1.7267507894880119,9,1.0,MASAC,grid4_cubes9_astar,A*,-1,1
189,164.38289816013958,9,5,1.1914490800697979,2.3828981601395958,9,1.0,MASAC,grid4_cubes9_astar,A*,-1,1
190,161.4208088610343,9,5,0.21040443051714908,0.42080886103429815,9,1.0,MASAC,grid4_cubes9_astar,A*,-1,1
191,80.75169739592928,9,5,0.12584869796464448,0.25169739592928897,9,1.0,MASAC,grid4_cubes9_astar,A*,-1,1
192,162.8416298824851,9,5,0.17081494124255658,0.34162988248511317,9,1.0,MASAC,grid4_cubes9_astar,A*,-1,1
193,121.98270782036869,8,5,0.2413539101843477,0.4827078203686954,8,0.8888888888888888,MASAC,grid4_cubes9_astar,A*,-1,1
194,68.31287117152192,9,5,0.40643558576095473,0.8128711715219095,9,1.0,MASAC,grid4_cubes9_astar,A*,-1,1
195,41.018144749175434,9,5,0.009072374587717036,0.01814474917543407,9,1.0,MASAC,grid4_cubes9_astar,A*,-1,1
196,108.5596331938154,8,5,0.7798165969077022,1.5596331938154044,8,0.8888888888888888,MASAC,grid4_cubes9_astar,A*,-1,1
197,128.52260677590863,8,5,1.5113033879543099,3.0226067759086197,8,0.8888888888888888,MASAC,grid4_cubes9_astar,A*,-1,1
198,130.594185349603,9,5,0.797092674801507,1.594185349603014,9,1.0,MASAC,grid4_cubes9_astar,A*,-1,1
199,123.30872158780589,7,5,1.1543607939029488,2.3087215878058975,7,0.7777777777777778,MASAC,grid4_cubes9_astar,A*,-1,1
200,159.49394113756932,9,5,-0.003029431215333833,-0.006058862430667666,9,1.0,MASAC,grid4_cubes9_astar,A*,-1,1
201,83.60642236312692,9,5,1.053211181563464,2.106422363126928,9,1.0,MASAC,grid4_cubes9_astar,A*,-1,1
202,116.94886260050174,9,5,0.22443130025086777,0.44886260050173554,9,1.0,MASAC,grid4_cubes9_astar,A*,-1,1
203,83.73863420251139,9,5,1.1193171012556964,2.238634202511393,9,1.0,MASAC,grid4_cubes9_astar,A*,-1,1
204,85.48439758857553,9,5,1.2421987942877681,2.4843975885755363,9,1.0,MASAC,grid4_cubes9_astar,A*,-1,1
205,123.16258113160625,8,5,1.0812905658031258,2.1625811316062515,8,0.8888888888888888,MASAC,grid4_cubes9_astar,A*,-1,1
206,80.75745949614901,9,5,0.12872974807450777,0.25745949614901553,9,1.0,MASAC,grid4_cubes9_astar,A*,-1,1
207,68.92373020555611,9,5,0.7118651027780564,1.4237302055561127,9,1.0,MASAC,grid4_cubes9_astar,A*,-1,1
208,44.22308881189461,9,5,1.1115444059473067,2.2230888118946135,9,1.0,MASAC,grid4_cubes9_astar,A*,-1,1
209,163.88765890473852,9,5,0.9438294523692549,1.8876589047385097,9,1.0,MASAC,grid4_cubes9_astar,A*,-1,1
210,83.66778009971445,9,5,1.0838900498572261,2.1677800997144523,9,1.0,MASAC,grid4_cubes9_astar,A*,-1,1
211,166.2502415858903,9,5,1.375120792945164,2.750241585890328,9,1.0,MASAC,grid4_cubes9_astar,A*,-1,1
212,68.97189016248818,8,5,0.7359450812440903,1.4718901624881806,8,0.8888888888888888,MASAC,grid4_cubes9_astar,A*,-1,1
213,65.75681538488503,9,5,0.6284076924425156,1.2568153848850312,9,1.0,MASAC,grid4_cubes9_astar,A*,-1,1
214,70.73902566339608,9,5,0.8695128316980393,1.7390256633960786,9,1.0,MASAC,grid4_cubes9_astar,A*,-1,1
215,121.68547539487376,9,5,1.0927376974368843,2.1854753948737686,9,1.0,MASAC,grid4_cubes9_astar,A*,-1,1
216,44.85588120156953,9,5,0.4279406007847667,0.8558812015695334,9,1.0,MASAC,grid4_cubes9_astar,A*,-1,1
217,104.86204393950652,9,5,0.431021969753259,0.862043939506518,9,1.0,MASAC,grid4_cubes9_astar,A*,-1,1
218,129.09454103512851,8,5,0.797270517564261,1.594541035128522,8,0.8888888888888888,MASAC,grid4_cubes9_astar,A*,-1,1
219,144.4034595225732,9,5,0.20172976128659503,0.40345952257319007,9,1.0,MASAC,grid4_cubes9_astar,A*,-1,1
220,124.44026918194672,9,5,0.9701345909733589,1.9402691819467177,9,1.0,MASAC,grid4_cubes9_astar,A*,-1,1
221,167.1118224356345,9,5,0.8059112178172589,1.6118224356345179,9,1.0,MASAC,grid4_cubes9_astar,A*,-1,1
222,121.51398591771617,8,5,1.006992958858088,2.013985917716176,8,0.8888888888888888,MASAC,grid4_cubes9_astar,A*,-1,1
223,83.73510724147623,9,5,1.117553620738116,2.235107241476232,9,1.0,MASAC,grid4_cubes9_astar,A*,-1,1
224,85.79507416328256,9,5,1.3975370816412838,2.7950741632825675,9,1.0,MASAC,grid4_cubes9_astar,A*,-1,1
225,80.73732036193674,9,5,1.1186601809683712,2.2373203619367423,9,1.0,MASAC,grid4_cubes9_astar,A*,-1,1
226,161.1334727139207,9,5,1.0667363569603592,2.1334727139207184,9,1.0,MASAC,grid4_cubes9_astar,A*,-1,1
227,124.6547454207893,9,5,1.0773727103946502,2.1547454207893004,9,1.0,MASAC,grid4_cubes9_astar,A*,-1,1
228,137.89980505262463,9,5,1.4499025263123233,2.8998050526246466,9,1.0,MASAC,grid4_cubes9_astar,A*,-1,1
229,83.80561828490043,9,5,0.15280914245021593,0.30561828490043186,9,1.0,MASAC,grid4_cubes9_astar,A*,-1,1
230,85.82926970561807,9,5,1.414634852809039,2.829269705618078,9,1.0,MASAC,grid4_cubes9_astar,A*,-1,1
231,125.26052971882908,9,5,0.3802648594145418,0.7605297188290836,9,1.0,MASAC,grid4_cubes9_astar,A*,-1,1
232,101.64106857504399,9,5,0.07053428752199653,0.14106857504399306,9,1.0,MASAC,grid4_cubes9_astar,A*,-1,1
233,125.25829505648167,9,5,0.3791475282408381,0.7582950564816762,9,1.0,MASAC,grid4_cubes9_astar,A*,-1,1
234,150.14151553884045,7,5,1.0707577694202217,2.1415155388404434,7,0.7777777777777778,MASAC,grid4_cubes9_astar,A*,-1,1
235,118.37095507187931,8,5,-0.06452246406034223,-0.12904492812068447,8,0.8888888888888888,MASAC,grid4_cubes9_astar,A*,-1,1
236,124.88722436204448,9,5,1.193612181022242,2.387224362044484,9,1.0,MASAC,grid4_cubes9_astar,A*,-1,1
237,124.85857077536541,9,5,1.1792853876827056,2.3585707753654113,9,1.0,MASAC,grid4_cubes9_astar,A*,-1,1
238,83.73387461742227,9,5,1.1169373087111385,2.233874617422277,9,1.0,MASAC,grid4_cubes9_astar,A*,-1,1
239,83.94554513534372,9,5,1.2227725676718624,2.4455451353437248,9,1.0,MASAC,grid4_cubes9_astar,A*,-1,1
240,83.67168650391825,9,5,1.0858432519591266,2.171686503918253,9,1.0,MASAC,grid4_cubes9_astar,A*,-1,1
241,130.3141887992378,9,5,1.6570943996188934,3.3141887992377868,9,1.0,MASAC,grid4_cubes9_astar,A*,-1,1
242,124.79954378381267,9,5,1.1497718919063362,2.2995437838126724,9,1.0,MASAC,grid4_cubes9_astar,A*,-1,1
243,100.20160528120952,8,5,1.6008026406047637,3.2016052812095275,8,0.8888888888888888,MASAC,grid4_cubes9_astar,A*,-1,1
244,68.92336006071206,9,5,0.7116800303560288,1.4233600607120576,9,1.0,MASAC,grid4_cubes9_astar,A*,-1,1
245,120.00712573256047,9,5,0.0035628662802362765,0.007125732560472553,9,1.0,MASAC,grid4_cubes9_astar,A*,-1,1
246,124.87862201628643,9,5,1.1893110081432159,2.3786220162864318,9,1.0,MASAC,grid4_cubes9_astar,A*,-1,1
247,78.9476508842792,9,5,-0.02617455786039824,-0.05234911572079648,9,1.0,MASAC,grid4_cubes9_astar,A*,-1,1
248,177.2975317792735,8,5,1.3987658896367607,2.7975317792735215,8,0.8888888888888888,MASAC,grid4_cubes9_astar,A*,-1,1
249,80.349323712265,9,5,0.924661856132501,1.849323712265002,9,1.0,MASAC,grid4_cubes9_astar,A*,-1,1
250,163.13910979964055,8,5,0.3195548998202802,0.6391097996405604,8,0.8888888888888888,MASAC,grid4_cubes9_astar,A*,-1,1
251,100.06392223372465,9,5,1.5319611168623282,3.0639222337246563,9,1.0,MASAC,grid4_cubes9_astar,A*,-1,1
252,105.2262445426298,9,5,0.6131222713149006,1.2262445426298012,9,1.0,MASAC,grid4_cubes9_astar,A*,-1,1
253,180.18126936722467,9,5,1.3406346836123335,2.681269367224667,9,1.0,MASAC,grid4_cubes9_astar,A*,-1,1
254,89.3454391704883,9,5,0.672719585244155,1.34543917048831,9,1.0,MASAC,grid4_cubes9_astar,A*,-1,1
255,88.99022334655588,9,5,1.4951116732779415,2.990223346555883,9,1.0,MASAC,grid4_cubes9_astar,A*,-1,1
256,85.84382110675638,9,5,1.4219105533781917,2.8438211067563834,9,1.0,MASAC,grid4_cubes9_astar,A*,-1,1
257,164.40482262084208,9,5,1.202411310421053,2.404822620842106,9,1.0,MASAC,grid4_cubes9_astar,A*,-1,1
258,85.78664713939493,9,5,1.3933235696974666,2.7866471393949332,9,1.0,MASAC,grid4_cubes9_astar,A*,-1,1
259,121.98944553077519,9,5,0.49472276538758875,0.9894455307751775,9,1.0,MASAC,grid4_cubes9_astar,A*,-1,1
260,125.28513817563548,9,5,1.3925690878177437,2.7851381756354874,9,1.0,MASAC,grid4_cubes9_astar,A*,-1,1
261,69.08440549280282,8,5,0.7922027464014084,1.5844054928028168,8,0.8888888888888888,MASAC,grid4_cubes9_astar,A*,-1,1
262,164.75314119765483,9,5,1.376570598827425,2.75314119765485,9,1.0,MASAC,grid4_cubes9_astar,A*,-1,1
263,118.90271388345077,9,5,-0.5486430582746117,-1.0972861165492234,9,1.0,MASAC,grid4_cubes9_astar,A*,-1,1
264,162.4682247967454,9,5,0.9841123983727128,1.9682247967454256,9,1.0,MASAC,grid4_cubes9_astar,A*,-1,1
265,110.11999124130075,9,5,0.809995620650378,1.619991241300756,9,1.0,MASAC,grid4_cubes9_astar,A*,-1,1
266,161.89867219566378,8,5,0.6993360978318889,1.3986721956637778,8,0.8888888888888888,MASAC,grid4_cubes9_astar,A*,-1,1
267,161.11704758116923,9,5,1.0585237905846268,2.1170475811692535,9,1.0,MASAC,grid4_cubes9_astar,A*,-1,1
268,98.43348713812786,9,5,1.4667435690639312,2.9334871381278624,9,1.0,MASAC,grid4_cubes9_astar,A*,-1,1
269,165.6654515979733,9,5,0.08272579898665022,0.16545159797330045,9,1.0,MASAC,grid4_cubes9_astar,A*,-1,1
270,82.86893147312807,9,5,0.6844657365640319,1.3689314731280637,9,1.0,MASAC,grid4_cubes9_astar,A*,-1,1
271,162.95559154547644,8,5,0.4777957727382147,0.9555915454764294,8,0.8888888888888888,MASAC,grid4_cubes9_astar,A*,-1,1
272,83.89381704095133,9,5,1.196908520475667,2.393817040951334,9,1.0,MASAC,grid4_cubes9_astar,A*,-1,1
273,69.03039334842263,9,5,0.7651966742113168,1.5303933484226335,9,1.0,MASAC,grid4_cubes9_astar,A*,-1,1
274,166.6343475077323,9,5,0.5671737538661481,1.1343475077322962,9,1.0,MASAC,grid4_cubes9_astar,A*,-1,1
275,137.86208585970553,8,5,1.4310429298527683,2.8620858597055365,8,0.8888888888888888,MASAC,grid4_cubes9_astar,A*,-1,1
276,83.62136254075297,9,5,1.060681270376485,2.12136254075297,9,1.0,MASAC,grid4_cubes9_astar,A*,-1,1
277,84.02767349274478,9,5,0.2638367463723922,0.5276734927447844,9,1.0,MASAC,grid4_cubes9_astar,A*,-1,1
278,125.17085675969615,9,5,1.3354283798480782,2.6708567596961563,9,1.0,MASAC,grid4_cubes9_astar,A*,-1,1
279,128.15953157951805,9,5,0.3297657897590305,0.659531579518061,9,1.0,MASAC,grid4_cubes9_astar,A*,-1,1
280,139.61872826372235,8,5,1.559364131861182,3.118728263722364,8,0.8888888888888888,MASAC,grid4_cubes9_astar,A*,-1,1
281,65.74740685017429,9,5,0.3737034250871444,0.7474068501742888,9,1.0,MASAC,grid4_cubes9_astar,A*,-1,1
282,44.447113942166524,9,5,1.2235569710832626,2.447113942166525,9,1.0,MASAC,grid4_cubes9_astar,A*,-1,1
283,170.1123803351096,9,5,0.8061901675548078,1.6123803351096155,9,1.0,MASAC,grid4_cubes9_astar,A*,-1,1
284,159.51860024514838,9,5,0.009300122574191105,0.01860024514838221,9,1.0,MASAC,grid4_cubes9_astar,A*,-1,1
285,124.91518016753155,8,5,1.2075900837657745,2.415180167531549,8,0.8888888888888888,MASAC,grid4_cubes9_astar,A*,-1,1
286,44.13221115972634,9,5,1.0661055798631698,2.1322111597263396,9,1.0,MASAC,grid4_cubes9_astar,A*,-1,1
287,121.5245270591018,9,5,0.012263529550900598,0.024527059101801196,9,1.0,MASAC,grid4_cubes9_astar,A*,-1,1
288,161.26755796333532,9,5,0.1337789816676641,0.2675579633353282,9,1.0,MASAC,grid4_cubes9_astar,A*,-1,1
289,83.79525869926279,9,5,1.147629349631396,2.295258699262792,9,1.0,MASAC,grid4_cubes9_astar,A*,-1,1
290,141.55809388910382,9,5,1.7790469445519168,3.5580938891038336,9,1.0,MASAC,grid4_cubes9_astar,A*,-1,1
291,85.61887508472269,9,5,1.309437542361346,2.618875084722692,9,1.0,MASAC,grid4_cubes9_astar,A*,-1,1
292,100.1413131564613,9,5,1.5706565782306487,3.1413131564612975,9,1.0,MASAC,grid4_cubes9_astar,A*,-1,1
293,163.07008988596715,9,5,0.28504494298357974,0.5700898859671595,9,1.0,MASAC,grid4_cubes9_astar,A*,-1,1
294,164.63696430584173,8,5,0.31848215292086846,0.6369643058417369,8,0.8888888888888888,MASAC,grid4_cubes9_astar,A*,-1,1
295,139.37035523210614,8,5,1.4351776160530765,2.870355232106153,8,0.8888888888888888,MASAC,grid4_cubes9_astar,A*,-1,1
296,139.13809082149538,8,5,1.319045410747691,2.638090821495382,8,0.8888888888888888,MASAC,grid4_cubes9_astar,A*,-1,1
297,203.8926733477667,9,5,0.19633667388335774,0.3926733477667155,9,1.0,MASAC,grid4_cubes9_astar,A*,-1,1
298,80.48006106407962,9,5,-0.009969467960188383,-0.019938935920376766,9,1.0,MASAC,grid4_cubes9_astar,A*,-1,1
299,83.59786340955027,9,5,1.048931704775136,2.097863409550272,9,1.0,MASAC,grid4_cubes9_astar,A*,-1,1
300,125.55611368222324,8,5,0.5280568411116243,1.0561136822232486,8,0.8888888888888888,MASAC,grid4_cubes9_astar,A*,-1,1
301,125.68562766118137,9,5,0.5928138305906893,1.1856276611813785,9,1.0,MASAC,grid4_cubes9_astar,A*,-1,1
302,123.31467466130748,9,5,1.1573373306537422,2.3146746613074844,9,1.0,MASAC,grid4_cubes9_astar,A*,-1,1
303,175.3051683399848,9,5,1.1525841699923993,2.3051683399847986,9,1.0,MASAC,grid4_cubes9_astar,A*,-1,1
304,65.67551143076058,9,5,0.5877557153802903,1.1755114307605805,9,1.0,MASAC,grid4_cubes9_astar,A*,-1,1
305,84.04480379661386,9,5,1.2724018983069332,2.5448037966138664,9,1.0,MASAC,grid4_cubes9_astar,A*,-1,1
306,68.81517885753213,9,5,0.6575894287660653,1.3151788575321306,9,1.0,MASAC,grid4_cubes9_astar,A*,-1,1
307,29.634704792217477,9,5,0.8173523961087377,1.6347047922174753,9,1.0,MASAC,grid4_cubes9_astar,A*,-1,1
308,121.59195764956432,9,5,1.0459788247821624,2.091957649564325,9,1.0,MASAC,grid4_cubes9_astar,A*,-1,1
309,70.529346298238,9,5,0.7646731491189988,1.5293462982379975,9,1.0,MASAC,grid4_cubes9_astar,A*,-1,1
310,107.59468740307497,9,5,0.2973437015374817,0.5946874030749634,9,1.0,MASAC,grid4_cubes9_astar,A*,-1,1
311,164.25996012322094,9,5,1.1299800616104778,2.2599601232209556,9,1.0,MASAC,grid4_cubes9_astar,A*,-1,1
312,113.13885232058715,9,5,0.8194261602935727,1.6388523205871455,9,1.0,MASAC,grid4_cubes9_astar,A*,-1,1
313,41.45047782594392,9,5,0.22523891297196152,0.45047782594392305,9,1.0,MASAC,grid4_cubes9_astar,A*,-1,1
314,69.2025069704258,8,5,0.8512534852129013,1.7025069704258027,8,0.8888888888888888,MASAC,grid4_cubes9_astar,A*,-1,1
315,127.18427157129796,9,5,0.5921357856489802,1.1842715712979603,9,1.0,MASAC,grid4_cubes9_astar,A*,-1,1
316,123.4175963024625,9,5,0.20879815123125323,0.41759630246250645,9,1.0,MASAC,grid4_cubes9_astar,A*,-1,1
317,164.2726344798486,8,5,0.13631723992429035,0.2726344798485807,8,0.8888888888888888,MASAC,grid4_cubes9_astar,A*,-1,1
318,83.83939927657907,8,5,1.1696996382895382,2.3393992765790763,8,0.8888888888888888,MASAC,grid4_cubes9_astar,A*,-1,1
319,178.71698889224805,9,5,1.3584944461240371,2.7169888922480743,9,1.0,MASAC,grid4_cubes9_astar,A*,-1,1
320,127.25730632355187,9,5,0.6286531617759372,1.2573063235518744,9,1.0,MASAC,grid4_cubes9_astar,A*,-1,1
321,44.47407646085854,9,5,1.2370382304292709,2.4740764608585417,9,1.0,MASAC,grid4_cubes9_astar,A*,-1,1
322,165.83518142334606,7,5,1.1675907116730389,2.3351814233460777,7,0.7777777777777778,MASAC,grid4_cubes9_astar,A*,-1,1
323,82.53804383147616,9,5,0.269021915738082,0.538043831476164,9,1.0,MASAC,grid4_cubes9_astar,A*,-1,1
324,80.92199823726077,8,5,0.21099911863038545,0.4219982372607709,8,0.8888888888888888,MASAC,grid4_cubes9_astar,A*,-1,1
325,124.97957746758952,9,5,1.239788733794764,2.479577467589528,9,1.0,MASAC,grid4_cubes9_astar,A*,-1,1
326,125.48287912411777,9,5,0.49143956205888994,0.9828791241177799,9,1.0,MASAC,grid4_cubes9_astar,A*,-1,1
327,82.46226061375461,9,5,0.2311303068773055,0.462260613754611,9,1.0,MASAC,grid4_cubes9_astar,A*,-1,1
328,83.75332635482614,9,5,1.1266631774130733,2.2533263548261466,9,1.0,MASAC,grid4_cubes9_astar,A*,-1,1
329,125.16539867815929,9,5,1.3326993390796478,2.6653986781592955,9,1.0,MASAC,grid4_cubes9_astar,A*,-1,1
330,123.41439446015445,8,5,0.207197230077231,0.414394460154462,8,0.8888888888888888,MASAC,grid4_cubes9_astar,A*,-1,1
331,161.01151807288784,9,5,0.005759036443925614,0.011518072887851227,9,1.0,MASAC,grid4_cubes9_astar,A*,-1,1
332,164.44114372476741,9,5,0.22057186238370197,0.44114372476740393,9,1.0,MASAC,grid4_cubes9_astar,A*,-1,1
333,44.733868109528515,9,5,0.3669340547642589,0.7338681095285178,9,1.0,MASAC,grid4_cubes9_astar,A*,-1,1
334,178.64856763408508,9,5,1.3242838170425513,2.6485676340851025,9,1.0,MASAC,grid4_cubes9_astar,A*,-1,1
335,83.62670379718607,9,5,1.0633518985930355,2.126703797186071,9,1.0,MASAC,grid4_cubes9_astar,A*,-1,1
336,83.87836497863596,9,5,1.1891824893179805,2.378364978635961,9,1.0,MASAC,grid4_cubes9_astar,A*,-1,1
337,59.14292678597697,9,5,1.5714633929884845,3.142926785976969,9,1.0,MASAC,grid4_cubes9_astar,A*,-1,1
338,205.81579496506603,9,5,1.4078974825330293,2.8157949650660585,9,1.0,MASAC,grid4_cubes9_astar,A*,-1,1
339,41.132085429970715,9,5,0.06604271498535874,0.13208542997071748,9,1.0,MASAC,grid4_cubes9_astar,A*,-1,1
340,119.71121506467357,9,5,0.8556075323367865,1.711215064673573,9,1.0,MASAC,grid4_cubes9_astar,A*,-1,1
341,85.46762734493082,9,5,1.233813672465411,2.467627344930822,9,1.0,MASAC,grid4_cubes9_astar,A*,-1,1
342,161.4382132980994,9,5,0.21910664904971133,0.43821329809942267,9,1.0,MASAC,grid4_cubes9_astar,A*,-1,1
343,126.29247113165813,9,5,1.146235565829068,2.292471131658136,9,1.0,MASAC,grid4_cubes9_astar,A*,-1,1
344,110.51503417256602,9,5,1.0075170862830096,2.0150341725660192,9,1.0,MASAC,grid4_cubes9_astar,A*,-1,1
345,127.07830524172337,9,5,0.5391526208616877,1.0783052417233754,9,1.0,MASAC,grid4_cubes9_astar,A*,-1,1
346,124.28437598989436,9,5,-0.10781200505281618,-0.21562401010563237,9,1.0,MASAC,grid4_cubes9_astar,A*,-1,1
347,78.96087274421114,9,5,-0.01956362789442534,-0.03912725578885068,9,1.0,MASAC,grid4_cubes9_astar,A*,-1,1
348,125.4408206912473,9,5,0.4704103456236506,0.9408206912473012,9,1.0,MASAC,grid4_cubes9_astar,A*,-1,1
349,164.54697671839915,9,5,1.273488359199587,2.546976718399174,9,1.0,MASAC,grid4_cubes9_astar,A*,-1,1
350,98.46075495181042,8,5,1.4803774759052093,2.9607549518104186,8,0.8888888888888888,MASAC,grid4_cubes9_astar,A*,-1,1
351,98.57281180319744,9,5,1.5364059015987213,3.0728118031974425,9,1.0,MASAC,grid4_cubes9_astar,A*,-1,1
352,124.70346061959758,9,5,1.1017303097987923,2.2034606195975845,9,1.0,MASAC,grid4_cubes9_astar,A*,-1,1
353,110.5262704825712,9,5,1.0131352412856036,2.0262704825712072,9,1.0,MASAC,grid4_cubes9_astar,A*,-1,1
354,29.592599594310983,9,5,0.7962997971554906,1.5925995943109812,9,1.0,MASAC,grid4_cubes9_astar,A*,-1,1
355,70.78761823083993,9,5,0.8938091154199631,1.7876182308399262,9,1.0,MASAC,grid4_cubes9_astar,A*,-1,1
356,211.27892038419654,9,5,0.8894601920982743,1.7789203841965486,9,1.0,MASAC,grid4_cubes9_astar,A*,-1,1
357,120.069582901431,8,5,0.034791450715506156,0.06958290143101231,8,0.8888888888888888,MASAC,grid4_cubes9_astar,A*,-1,1
358,124.9351486422111,9,5,1.217574321105555,2.43514864221111,9,1.0,MASAC,grid4_cubes9_astar,A*,-1,1
359,29.753609621242745,9,5,0.8768048106213719,1.7536096212427439,9,1.0,MASAC,grid4_cubes9_astar,A*,-1,1
360,176.3689970355149,8,5,0.9344985177574456,1.8689970355148913,8,0.8888888888888888,MASAC,grid4_cubes9_astar,A*,-1,1
361,44.52532004052827,9,5,0.2626600202641368,0.5253200405282736,9,1.0,MASAC,grid4_cubes9_astar,A*,-1,1
362,123.22176687493815,9,5,1.1108834374690804,2.2217668749381607,9,1.0,MASAC,grid4_cubes9_astar,A*,-1,1
363,107.10194927295511,9,5,0.800974636477557,1.601949272955114,9,1.0,MASAC,grid4_cubes9_astar,A*,-1,1
364,220.02890499257552,9,5,1.5144524962877712,3.0289049925755425,9,1.0,MASAC,grid4_cubes9_astar,A*,-1,1
365,85.78759671242557,9,5,0.39379835621278525,0.7875967124255705,9,1.0,MASAC,grid4_cubes9_astar,A*,-1,1
366,111.76314819739055,9,5,0.881574098695274,1.763148197390548,9,1.0,MASAC,grid4_cubes9_astar,A*,-1,1
367,89.33418056834597,9,5,0.667090284172988,1.334180568345976,9,1.0,MASAC,grid4_cubes9_astar,A*,-1,1
368,121.57923211786188,8,5,0.039616058930938336,0.07923211786187667,8,0.8888888888888888,MASAC,grid4_cubes9_astar,A*,-1,1
369,119.77558474317088,8,5,0.8877923715854438,1.7755847431708875,8,0.8888888888888888,MASAC,grid4_cubes9_astar,A*,-1,1
370,69.20746333505745,9,5,0.8537316675287278,1.7074633350574555,9,1.0,MASAC,grid4_cubes9_astar,A*,-1,1
371,122.83347829279857,9,5,0.9167391463992888,1.8334782927985775,9,1.0,MASAC,grid4_cubes9_astar,A*,-1,1
372,166.48037881590642,9,5,0.49018940795321475,0.9803788159064295,9,1.0,MASAC,grid4_cubes9_astar,A*,-1,1
373,130.27835666861088,9,5,0.6391783343054438,1.2783566686108876,9,1.0,MASAC,grid4_cubes9_astar,A*,-1,1
374,124.62416116967692,9,5,1.0620805848384651,2.1241611696769302,9,1.0,MASAC,grid4_cubes9_astar,A*,-1,1
375,206.0673306551789,8,5,0.5336653275894524,1.0673306551789048,8,0.8888888888888888,MASAC,grid4_cubes9_astar,A*,-1,1
376,83.89962464412515,9,5,1.199812322062579,2.399624644125158,9,1.0,MASAC,grid4_cubes9_astar,A*,-1,1
377,149.86763684525982,9,5,0.9338184226299079,1.8676368452598158,9,1.0,MASAC,grid4_cubes9_astar,A*,-1,1
378,80.51701400044688,9,5,1.0085070002234393,2.0170140004468786,9,1.0,MASAC,grid4_cubes9_astar,A*,-1,1
379,124.8029879293861,9,5,1.1514939646930533,2.3029879293861066,9,1.0,MASAC,grid4_cubes9_astar,A*,-1,1
380,125.20257298722758,9,5,1.3512864936137947,2.7025729872275894,9,1.0,MASAC,grid4_cubes9_astar,A*,-1,1
381,121.7633028845319,9,5,0.1316514422659517,0.2633028845319034,9,1.0,MASAC,grid4_cubes9_astar,A*,-1,1
382,139.8501854486151,9,5,1.6750927243075564,3.350185448615113,9,1.0,MASAC,grid4_cubes9_astar,A*,-1,1
383,166.52955912014227,9,5,0.514779560071137,1.029559120142274,9,1.0,MASAC,grid4_cubes9_astar,A*,-1,1
384,125.07334347662884,9,5,1.2866717383144195,2.573343476628839,9,1.0,MASAC,grid4_cubes9_astar,A*,-1,1
385,125.07358174100413,9,5,1.2867908705020699,2.5735817410041397,9,1.0,MASAC,grid4_cubes9_astar,A*,-1,1
386,125.27525599999515,9,5,0.38762799999758013,0.7752559999951603,9,1.0,MASAC,grid4_cubes9_astar,A*,-1,1
387,128.77970620198337,8,5,0.6398531009916902,1.2797062019833805,8,0.8888888888888888,MASAC,grid4_cubes9_astar,A*,-1,1
388,83.74097317298715,8,5,1.1204865864935787,2.2409731729871574,8,0.8888888888888888,MASAC,grid4_cubes9_astar,A*,-1,1
389,164.52019957015239,9,5,1.2600997850762043,2.5201995701524087,9,1.0,MASAC,grid4_cubes9_astar,A*,-1,1
390,110.22132354816263,9,5,0.8606617740813167,1.7213235481626334,9,1.0,MASAC,grid4_cubes9_astar,A*,-1,1
391,83.81522271397837,9,5,1.1576113569891864,2.3152227139783728,9,1.0,MASAC,grid4_cubes9_astar,A*,-1,1
392,123.0684540726234,9,5,1.0342270363117012,2.0684540726234024,9,1.0,MASAC,grid4_cubes9_astar,A*,-1,1
393,180.47484108894147,9,5,1.4874205444707473,2.9748410889414947,9,1.0,MASAC,grid4_cubes9_astar,A*,-1,1
394,200.7397976485108,7,5,0.11989882425540699,0.23979764851081398,7,0.7777777777777778,MASAC,grid4_cubes9_astar,A*,-1,1
395,125.11686491694005,9,5,0.3084324584700251,0.6168649169400502,9,1.0,MASAC,grid4_cubes9_astar,A*,-1,1
396,80.34722727378671,9,5,0.923613636893359,1.847227273786718,9,1.0,MASAC,grid4_cubes9_astar,A*,-1,1
397,119.91160039678111,9,5,0.9558001983905585,1.911600396781117,9,1.0,MASAC,grid4_cubes9_astar,A*,-1,1
398,89.39176778509403,9,5,0.6958838925470161,1.3917677850940322,9,1.0,MASAC,grid4_cubes9_astar,A*,-1,1
399,200.72536934134834,9,5,0.11268467067417387,0.22536934134834774,9,1.0,MASAC,grid4_cubes9_astar,A*,-1,1
400,83.84312873920267,9,5,1.1715643696013363,2.3431287392026725,9,1.0,MASAC,grid4_cubes9_astar,A*,-1,1
401,164.28815347782756,9,5,1.144076738913792,2.288153477827584,9,1.0,MASAC,grid4_cubes9_astar,A*,-1,1
402,124.50130652000878,9,5,0.0006532600043918091,0.0013065200087836182,9,1.0,MASAC,grid4_cubes9_astar,A*,-1,1
403,166.73390502669133,9,5,0.6169525133456708,1.2339050266913416,9,1.0,MASAC,grid4_cubes9_astar,A*,-1,1
404,124.75069101748424,8,5,1.1253455087421234,2.2506910174842467,8,0.8888888888888888,MASAC,grid4_cubes9_astar,A*,-1,1
405,83.6500633343107,9,5,1.0750316671553524,2.1500633343107047,9,1.0,MASAC,grid4_cubes9_astar,A*,-1,1
406,127.1179664107755,9,5,0.5589832053877497,1.1179664107754994,9,1.0,MASAC,grid4_cubes9_astar,A*,-1,1
407,121.80636765691675,8,5,0.15318382845837364,0.3063676569167473,8,0.8888888888888888,MASAC,grid4_cubes9_astar,A*,-1,1
408,178.0816617589112,9,5,1.0408308794555965,2.081661758911193,9,1.0,MASAC,grid4_cubes9_astar,A*,-1,1
409,127.06212650349114,9,5,0.5310632517455722,1.0621265034911445,9,1.0,MASAC,grid4_cubes9_astar,A*,-1,1
410,122.29389532745182,9,5,0.6469476637259066,1.2938953274518132,9,1.0,MASAC,grid4_cubes9_astar,A*,-1,1
411,137.85965187184001,9,5,1.4298259359200176,2.859651871840035,9,1.0,MASAC,grid4_cubes9_astar,A*,-1,1
412,125.2737736674741,8,5,0.3868868337370539,0.7737736674741078,8,0.8888888888888888,MASAC,grid4_cubes9_astar,A*,-1,1
413,83.98771864017313,9,5,1.2438593200865657,2.4877186401731315,9,1.0,MASAC,grid4_cubes9_astar,A*,-1,1
414,98.43554230627971,9,5,1.467771153139859,2.935542306279718,9,1.0,MASAC,grid4_cubes9_astar,A*,-1,1
415,144.4395941342948,9,5,0.21979706714740044,0.4395941342948009,9,1.0,MASAC,grid4_cubes9_astar,A*,-1,1
416,123.15353958383098,9,5,1.0767697919154915,2.153539583830983,9,1.0,MASAC,grid4_cubes9_astar,A*,-1,1
417,83.74563360090995,9,5,0.12281680045497667,0.24563360090995334,9,1.0,MASAC,grid4_cubes9_astar,A*,-1,1
418,0.0,9,5,0.0,0.0,9,1.0,MASAC,grid4_cubes9_astar,A*,-1,1
419,123.31544356122508,9,5,1.1577217806125435,2.315443561225087,9,1.0,MASAC,grid4_cubes9_astar,A*,-1,1
420,85.97622201312441,9,5,0.4881110065622092,0.9762220131244184,9,1.0,MASAC,grid4_cubes9_astar,A*,-1,1
421,84.00420147022074,9,5,1.2521007351103695,2.504201470220739,9,1.0,MASAC,grid4_cubes9_astar,A*,-1,1
422,108.37175537035655,9,5,0.6858776851782757,1.3717553703565515,9,1.0,MASAC,grid4_cubes9_astar,A*,-1,1
423,205.45001300254697,8,5,0.22500650127347965,0.4500130025469593,8,0.8888888888888888,MASAC,grid4_cubes9_astar,A*,-1,1
424,85.50779849132364,9,5,1.253899245661822,2.507798491323644,9,1.0,MASAC,grid4_cubes9_astar,A*,-1,1
425,84.18129143584628,9,5,0.3406457179231406,0.6812914358462812,9,1.0,MASAC,grid4_cubes9_astar,A*,-1,1
426,89.20620510447878,9,5,0.6031025522393942,1.2062051044787885,9,1.0,MASAC,grid4_cubes9_astar,A*,-1,1
427,134.01087542576877,9,5,1.0054377128843903,2.0108754257687806,9,1.0,MASAC,grid4_cubes9_astar,A*,-1,1
428,80.37541697136163,9,5,-0.062291514319180785,-0.12458302863836157,9,1.0,MASAC,grid4_cubes9_astar,A*,-1,1
429,141.7030330622104,9,5,1.8515165311052044,3.703033062210409,9,1.0,MASAC,grid4_cubes9_astar,A*,-1,1
430,84.03192994464297,9,5,0.2659649723214865,0.531929944642973,9,1.0,MASAC,grid4_cubes9_astar,A*,-1,1
431,105.95066887222933,9,5,0.22533443611466064,0.4506688722293213,9,1.0,MASAC,grid4_cubes9_astar,A*,-1,1
432,89.07184439739054,9,5,1.5359221986952694,3.0718443973905387,9,1.0,MASAC,grid4_cubes9_astar,A*,-1,1
433,206.0938460198258,9,5,0.5469230099129082,1.0938460198258164,9,1.0,MASAC,grid4_cubes9_astar,A*,-1,1
434,99.98592253622967,8,5,1.4929612681148345,2.985922536229669,8,0.8888888888888888,MASAC,grid4_cubes9_astar,A*,-1,1
435,85.37027535203227,9,5,1.1851376760161334,2.370275352032267,9,1.0,MASAC,grid4_cubes9_astar,A*,-1,1
436,124.50128575609156,9,5,0.0006428780457861105,0.001285756091572221,9,1.0,MASAC,grid4_cubes9_astar,A*,-1,1
437,164.32148972460948,8,5,1.1607448623047505,2.321489724609501,8,0.8888888888888888,MASAC,grid4_cubes9_astar,A*,-1,1
438,124.84123942642476,9,5,1.1706197132123788,2.3412394264247576,9,1.0,MASAC,grid4_cubes9_astar,A*,-1,1
439,44.3874926080906,9,5,1.1937463040452987,2.3874926080905974,9,1.0,MASAC,grid4_cubes9_astar,A*,-1,1
440,159.49565107561864,8,5,-0.00217446219067563,-0.00434892438135126,8,0.8888888888888888,MASAC,grid4_cubes9_astar,A*,-1,1
441,125.62836142582981,9,5,0.564180712914908,1.128361425829816,9,1.0,MASAC,grid4_cubes9_astar,A*,-1,1
442,110.40065604289835,9,5,0.9503280214491756,1.9006560428983512,9,1.0,MASAC,grid4_cubes9_astar,A*,-1,1
443,70.75516099836464,9,5,0.8775804991823227,1.7551609983646455,9,1.0,MASAC,grid4_cubes9_astar,A*,-1,1
444,69.04839332010384,9,5,0.7741966600519211,1.5483933201038422,9,1.0,MASAC,grid4_cubes9_astar,A*,-1,1
445,39.41433142358491,9,5,-0.04283428820754287,-0.08566857641508574,9,1.0,MASAC,grid4_cubes9_astar,A*,-1,1
446,67.12613438197671,9,5,0.5630671909883553,1.1261343819767107,9,1.0,MASAC,grid4_cubes9_astar,A*,-1,1
447,139.55345051953032,8,5,1.5267252597651675,3.053450519530335,8,0.8888888888888888,MASAC,grid4_cubes9_astar,A*,-1,1
448,82.66370874725985,9,5,0.5818543736299193,1.1637087472598386,9,1.0,MASAC,grid4_cubes9_astar,A*,-1,1
449,122.8870850413795,9,5,0.9435425206897552,1.8870850413795104,9,1.0,MASAC,grid4_cubes9_astar,A*,-1,1
450,164.75080468240424,9,5,0.3754023412021208,0.7508046824042416,9,1.0,MASAC,grid4_cubes9_astar,A*,-1,1
451,139.63464508806317,8,5,1.567322544031592,3.134645088063184,8,0.8888888888888888,MASAC,grid4_cubes9_astar,A*,-1,1
452,29.596166336254342,9,5,0.7980831681271703,1.5961663362543406,9,1.0,MASAC,grid4_cubes9_astar,A*,-1,1
453,85.56837508443125,9,5,1.2841875422156268,2.5683750844312536,9,1.0,MASAC,grid4_cubes9_astar,A*,-1,1
454,202.20091244771888,8,5,0.10045622385944375,0.2009124477188875,8,0.8888888888888888,MASAC,grid4_cubes9_astar,A*,-1,1
455,124.60794706128021,9,5,1.053973530640107,2.107947061280214,9,1.0,MASAC,grid4_cubes9_astar,A*,-1,1
456,165.85092280660717,9,5,1.1754614033035953,2.3509228066071906,9,1.0,MASAC,grid4_cubes9_astar,A*,-1,1
457,119.95786690439732,8,5,-0.02106654780133721,-0.04213309560267442,8,0.8888888888888888,MASAC,grid4_cubes9_astar,A*,-1,1
458,85.79699660332523,9,5,0.39849830166261435,0.7969966033252287,9,1.0,MASAC,grid4_cubes9_astar,A*,-1,1
459,108.48974737885722,9,5,0.7448736894286091,1.4897473788572182,9,1.0,MASAC,grid4_cubes9_astar,A*,-1,1
460,125.00310742582829,9,5,0.2515537129141474,0.5031074258282948,9,1.0,MASAC,grid4_cubes9_astar,A*,-1,1
461,44.40205593015786,9,5,1.201027965078929,2.402055930157858,9,1.0,MASAC,grid4_cubes9_astar,A*,-1,1
462,123.34462635293498,9,5,1.1723131764674934,2.344626352934987,9,1.0,MASAC,grid4_cubes9_astar,A*,-1,1
463,146.25702790990368,9,5,0.6285139549518378,1.2570279099036756,9,1.0,MASAC,grid4_cubes9_astar,A*,-1,1
464,125.23625886168034,9,5,0.3681294308401728,0.7362588616803456,9,1.0,MASAC,grid4_cubes9_astar,A*,-1,1
465,125.21382629599125,9,5,0.35691314799562934,0.7138262959912587,9,1.0,MASAC,grid4_cubes9_astar,A*,-1,1
466,70.91487235929604,9,5,0.957436179648021,1.914872359296042,9,1.0,MASAC,grid4_cubes9_astar,A*,-1,1
467,124.90387960371929,8,5,1.2019398018596466,2.403879603719293,8,0.8888888888888888,MASAC,grid4_cubes9_astar,A*,-1,1
468,44.740157353226635,9,5,0.37007867661331895,0.7401573532266379,9,1.0,MASAC,grid4_cubes9_astar,A*,-1,1
469,65.6940355049457,9,5,0.3470177524728537,0.6940355049457074,9,1.0,MASAC,grid4_cubes9_astar,A*,-1,1
470,44.43732054140206,9,5,1.21866027070103,2.43732054140206,9,1.0,MASAC,grid4_cubes9_astar,A*,-1,1
471,121.81152590317814,9,5,0.15576295158907183,0.31152590317814366,9,1.0,MASAC,grid4_cubes9_astar,A*,-1,1
472,85.87412724364657,9,5,0.43706362182328706,0.8741272436465741,9,1.0,MASAC,grid4_cubes9_astar,A*,-1,1
473,119.71038845428441,8,5,-0.1448057728577924,-0.2896115457155848,8,0.8888888888888888,MASAC,grid4_cubes9_astar,A*,-1,1
474,121.87880595727054,9,5,0.18940297863527544,0.3788059572705509,9,1.0,MASAC,grid4_cubes9_astar,A*,-1,1
475,151.59644337592084,9,5,1.0482216879604156,2.096443375920831,9,1.0,MASAC,grid4_cubes9_astar,A*,-1,1
476,180.55941328494825,9,5,1.5297066424741348,3.0594132849482696,9,1.0,MASAC,grid4_cubes9_astar,A*,-1,1
477,124.83161889126275,9,5,0.16580944563137545,0.3316188912627509,9,1.0,MASAC,grid4_cubes9_astar,A*,-1,1
478,85.84287783969302,9,5,0.42143891984651094,0.8428778396930219,9,1.0,MASAC,grid4_cubes9_astar,A*,-1,1
479,80.29887574752634,9,5,0.899437873763171,1.798875747526342,9,1.0,MASAC,grid4_cubes9_astar,A*,-1,1
480,85.41992872794931,9,5,1.2099643639746578,2.4199287279493156,9,1.0,MASAC,grid4_cubes9_astar,A*,-1,1
481,124.52192802212616,9,5,1.0109640110630806,2.0219280221261613,9,1.0,MASAC,grid4_cubes9_astar,A*,-1,1
482,44.45412845518227,9,5,1.227064227591136,2.454128455182272,9,1.0,MASAC,grid4_cubes9_astar,A*,-1,1
483,164.84911416431646,8,5,0.4245570821582342,0.8491141643164684,8,0.8888888888888888,MASAC,grid4_cubes9_astar,A*,-1,1
484,211.03890276667946,9,5,0.7694513833397317,1.5389027666794635,9,1.0,MASAC,grid4_cubes9_astar,A*,-1,1
485,69.13247890379067,9,5,0.8162394518953354,1.6324789037906708,9,1.0,MASAC,grid4_cubes9_astar,A*,-1,1
486,82.18855024369083,9,5,0.09427512184541464,0.1885502436908293,9,1.0,MASAC,grid4_cubes9_astar,A*,-1,1
487,121.85638471646396,9,5,0.17819235823198565,0.3563847164639713,9,1.0,MASAC,grid4_cubes9_astar,A*,-1,1
488,121.76278281180751,9,5,0.13139140590375964,0.2627828118075193,9,1.0,MASAC,grid4_cubes9_astar,A*,-1,1
489,108.48851078590219,9,5,0.7442553929510982,1.4885107859021964,9,1.0,MASAC,grid4_cubes9_astar,A*,-1,1
490,168.8258970136649,8,5,1.1629485068324485,2.325897013664897,8,0.8888888888888888,MASAC,grid4_cubes9_astar,A*,-1,1
491,85.84748206008334,9,5,0.42374103004167085,0.8474820600833417,9,1.0,MASAC,grid4_cubes9_astar,A*,-1,1
492,144.60275362392645,9,5,0.30137681196322685,0.6027536239264537,9,1.0,MASAC,grid4_cubes9_astar,A*,-1,1
493,125.15722392609094,9,5,0.32861196304546847,0.6572239260909369,9,1.0,MASAC,grid4_cubes9_astar,A*,-1,1
494,69.10258896257515,9,5,0.8012944812875779,1.6025889625751557,9,1.0,MASAC,grid4_cubes9_astar,A*,-1,1
495,167.4604938383109,9,5,1.2302469191554466,2.460493838310893,9,1.0,MASAC,grid4_cubes9_astar,A*,-1,1
496,164.60458404652263,9,5,1.3022920232613262,2.6045840465226524,9,1.0,MASAC,grid4_cubes9_astar,A*,-1,1
497,124.76492889819103,9,5,1.132464449095517,2.264928898191034,9,1.0,MASAC,grid4_cubes9_astar,A*,-1,1
498,204.3089613285874,8,5,0.40448066429370655,0.8089613285874131,8,0.8888888888888888,MASAC,grid4_cubes9_astar,A*,-1,1
499,83.85666054328745,9,5,1.1783302716437252,2.3566605432874503,9,1.0,MASAC,grid4_cubes9_astar,A*,-1,1
500,123.36394624486461,8,5,1.1819731224323067,2.3639462448646134,8,0.8888888888888888,MASAC,grid4_cubes9_astar,A*,-1,1
