episode,model,seed,agent1_reward,success,cubes_picked,pick_failures,successful_picks,unreachable_cubes,path_efficiency,action_entropy,agent2_reward,reshuffles_performed,total_distance_reduced,total_time_saved,total_reward,episode_length,duration,timestamp,planner,grid_size,num_cubes
1,Heuristic,123,,TRUE,9,0,9,0,1,0,,5,0.389930054,0.779860108,,9,0.369123936,2026-01-19T11:29:13.148279,Isaac Sim RRT,4,9
2,Heuristic,123,,TRUE,9,0,9,0,1,0,,5,0.420572027,0.841144054,,9,0.363123655,2026-01-19T11:29:13.531950,Isaac Sim RRT,4,9
3,Heuristic,123,,TRUE,8,0,8,1,1,0,,5,0.451618773,0.903237545,,9,0.772744656,2026-01-19T11:29:14.325668,Isaac Sim RRT,4,9
4,Heuristic,123,,TRUE,9,0,9,0,1,0,,5,0.406405371,0.812810743,,9,0.610370874,2026-01-19T11:29:14.972592,Isaac Sim RRT,4,9
5,Heuristic,123,,TRUE,9,0,9,0,1,0,,5,0.430043679,0.860087359,,9,1.021189928,2026-01-19T11:29:16.052672,Isaac Sim RRT,4,9
6,Heuristic,123,,TRUE,6,0,6,0,3,0,,5,0.457732481,0.915464961,,9,0.817573071,2026-01-19T11:29:16.903158,Isaac Sim RRT,4,9
7,Heuristic,123,,TRUE,9,0,9,0,1,0,,5,0.439754587,0.879509175,,9,2.679024696,2026-01-19T11:29:19.609709,Isaac Sim RRT,4,9
8,Heuristic,123,,TRUE,9,0,9,0,1,0,,5,0.310240239,0.620480478,,9,0.684098244,2026-01-19T11:29:20.328033,Isaac Sim RRT,4,9
9,Heuristic,123,,TRUE,9,0,9,0,1,0,,5,0.404725474,0.809450948,,9,0.407700062,2026-01-19T11:29:20.760835,Isaac Sim RRT,4,9
10,Heuristic,123,,TRUE,9,0,9,0,1,0,,5,0.460146648,0.920293295,,9,0.759345293,2026-01-19T11:29:23.225317,Isaac Sim RRT,4,9
11,Heuristic,123,,TRUE,9,0,9,0,1,0,,5,0.419295114,0.838590228,,9,0.800832272,2026-01-19T11:29:24.057283,Isaac Sim RRT,4,9
12,Heuristic,123,,TRUE,9,0,9,0,1,0,,5,0.325420827,0.650841654,,9,0.773201227,2026-01-19T11:29:24.855176,Isaac Sim RRT,4,9
13,Heuristic,123,,TRUE,9,0,9,0,1,0,,5,0.426286262,0.852572524,,9,0.34657383,2026-01-19T11:29:25.234656,Isaac Sim RRT,4,9
14,Heuristic,123,,TRUE,9,0,9,0,1,0,,5,0.461149079,0.922298157,,9,0.474954605,2026-01-19T11:29:25.727633,Isaac Sim RRT,4,9
15,Heuristic,123,,TRUE,9,0,9,0,1,0,,5,0.378133699,0.756267398,,9,0.436701536,2026-01-19T11:29:26.186564,Isaac Sim RRT,4,9
16,Heuristic,123,,TRUE,9,0,9,0,1,0,,5,0.437050029,0.874100058,,9,0.481773376,2026-01-19T11:29:26.688938,Isaac Sim RRT,4,9
17,Heuristic,123,,TRUE,9,0,9,0,1,0,,5,0.44877015,0.8975403,,9,0.332710028,2026-01-19T11:29:27.045180,Isaac Sim RRT,4,9
1,Duel-DDQN+MASAC,123,89.65079268,TRUE,9,0,9,0,1,0,202.2668447,5,0.883422351,1.766844703,291.9176374,11,5.594229221,2026-01-19T11:30:29.236438,Isaac Sim RRT,4,9
2,Duel-DDQN+MASAC,123,136.8233939,TRUE,9,0,9,0,1,0,202.7160941,5,1.108047051,2.216094101,339.539488,9,0.84297967,2026-01-19T11:32:11.928603,Isaac Sim RRT,4,9
3,Duel-DDQN+MASAC,123,130.3272628,TRUE,9,0,9,0,1,0,164.0983508,5,0.799175382,1.598350763,294.4256135,9,0.636163473,2026-01-19T11:32:12.581439,Isaac Sim RRT,4,9
4,Duel-DDQN+MASAC,123,129.7648863,TRUE,9,0,9,0,1,0,202.2789639,5,0.889481974,1.778963948,332.0438502,9,0.880954027,2026-01-19T11:32:13.483434,Isaac Sim RRT,4,9
5,Duel-DDQN+MASAC,123,126.2019068,TRUE,9,0,9,0,1,0,207.8004386,5,0.65021931,1.30043862,334.0023454,9,1.279082775,2026-01-19T11:32:14.794087,Isaac Sim RRT,4,9
6,Duel-DDQN+MASAC,123,130.8180605,TRUE,9,0,9,0,1,0,161.0167149,5,0.758357463,1.516714926,291.8347754,9,3.19877553,2026-01-19T11:34:03.018834,Isaac Sim RRT,4,9
7,Duel-DDQN+MASAC,123,141.5644688,TRUE,9,0,9,0,1,0,200.9970773,5,0.998538658,1.997077315,342.5615461,9,0.85500741,2026-01-19T11:34:03.895513,Isaac Sim RRT,4,9
8,Duel-DDQN+MASAC,123,132.7119878,TRUE,9,0,9,0,1,0,165.469148,5,0.73457399,1.46914798,298.1811358,9,0.765568733,2026-01-19T11:35:53.725215,Isaac Sim RRT,4,9
9,Duel-DDQN+MASAC,123,136.1915654,TRUE,9,0,9,0,1,0,125.0504514,5,0.275225685,0.550451369,261.2420167,9,0.82354784,2026-01-19T11:35:54.569883,Isaac Sim RRT,4,9
10,Duel-DDQN+MASAC,123,132.5075648,TRUE,9,0,9,0,1,0,81.25566548,5,0.377832739,0.755665479,213.7632303,9,2.807371378,2026-01-19T11:35:57.394109,Isaac Sim RRT,4,9
11,Duel-DDQN+MASAC,123,142.9999298,TRUE,9,0,9,0,1,0,162.508404,5,0.754201978,1.508403957,305.5083338,9,1.038231611,2026-01-19T11:35:58.463051,Isaac Sim RRT,4,9
12,Duel-DDQN+MASAC,123,147.7713981,TRUE,9,0,9,0,1,0,205.1009641,5,0.800482071,1.600964142,352.8723623,9,2.757950544,2026-01-19T11:36:01.252069,Isaac Sim RRT,4,9
13,Duel-DDQN+MASAC,123,154.7619832,TRUE,9,0,9,0,1,0,200.4001814,5,0.700090691,1.400181382,355.1621646,9,0.597506762,2026-01-19T11:36:01.875454,Isaac Sim RRT,4,9
14,Duel-DDQN+MASAC,123,127.3638822,TRUE,9,0,9,0,1,0,201.2835863,5,1.141793144,2.283586288,328.6474685,9,0.618324041,2026-01-19T11:36:02.516244,Isaac Sim RRT,4,9
15,Duel-DDQN+MASAC,123,-1129.480738,FALSE,3,0,3,6,1,0,80.14077616,5,0.570388078,1.140776155,-1049.339962,50,101.2082357,2026-01-19T11:37:43.742780,Isaac Sim RRT,4,9
16,Duel-DDQN+MASAC,123,91.90782174,FALSE,8,0,8,1,1,0,164.9828336,5,0.491416812,0.982833624,256.8906554,8,0.892810345,2026-01-19T11:37:44.661169,Isaac Sim RRT,4,9
17,Duel-DDQN+MASAC,123,141.3034321,TRUE,9,0,9,0,1,0,119.7721483,5,0.636074169,1.272148338,261.0755805,9,2.913815022,2026-01-19T11:37:47.591014,Isaac Sim RRT,4,9
1,PER-DDQN-Light+MASAC,123,129.5872536,TRUE,9,0,9,0,1,0,202.1810138,5,0.840506894,1.681013787,331.7682674,9,1.973726034,2026-01-19T11:38:31.442723,Isaac Sim RRT,4,9
2,PER-DDQN-Light+MASAC,123,146.3298025,TRUE,9,0,9,0,1,0,161.8207984,5,1.160399182,2.320798364,308.1506009,9,3.325624943,2026-01-19T11:38:34.804839,Isaac Sim RRT,4,9
3,PER-DDQN-Light+MASAC,123,141.2323125,TRUE,9,0,9,0,1,0,200.998245,5,0.999122515,1.99824503,342.2305576,9,0.895016909,2026-01-19T11:40:30.104695,Isaac Sim RRT,4,9
4,PER-DDQN-Light+MASAC,123,62.7525266,FALSE,8,0,8,1,1,0,180.9150386,5,0.957519275,1.91503855,243.6675652,8,3.040633917,2026-01-19T11:40:33.162844,Isaac Sim RRT,4,9
5,PER-DDQN-Light+MASAC,123,-957.7441769,FALSE,8,0,8,1,1,0,204.8783415,5,-0.060829237,-0.121658474,-752.8658353,50,88.82121158,2026-01-19T11:42:02.014654,Isaac Sim RRT,4,9
6,PER-DDQN-Light+MASAC,123,129.8334893,TRUE,9,0,9,0,1,0,201.9626635,5,0.731331763,1.462663526,331.7961528,9,2.920600176,2026-01-19T11:42:04.965219,Isaac Sim RRT,4,9
7,PER-DDQN-Light+MASAC,123,140.8450215,TRUE,9,0,9,0,1,0,160.8109425,5,0.655471263,1.310942526,301.655964,9,0.768662691,2026-01-19T11:42:05.768977,Isaac Sim RRT,4,9
8,PER-DDQN-Light+MASAC,123,65.37668645,FALSE,8,0,8,1,1,0,202.1897589,5,0.844879431,1.689758862,267.5664453,8,3.050262451,2026-01-19T11:42:08.861614,Isaac Sim RRT,4,9
9,PER-DDQN-Light+MASAC,123,63.68765265,FALSE,8,0,8,1,1,0,209.0882911,5,1.794145532,3.588291064,272.7759437,8,1.077475071,2026-01-19T11:42:09.967243,Isaac Sim RRT,4,9
10,PER-DDQN-Light+MASAC,123,149.4447906,TRUE,9,0,9,0,1,0,160.6936267,5,1.346813349,2.693626698,310.1384173,9,2.575952053,2026-01-19T11:42:12.582263,Isaac Sim RRT,4,9
11,PER-DDQN-Light+MASAC,123,133.2990152,TRUE,9,0,9,0,1,0,121.3095442,5,0.654772116,1.309544232,254.6085595,9,0.686416149,2026-01-19T11:42:13.301155,Isaac Sim RRT,4,9
12,PER-DDQN-Light+MASAC,123,146.1913957,TRUE,9,0,9,0,1,0,160.2963598,5,0.398179887,0.796359773,306.4877555,9,0.766326427,2026-01-19T11:42:14.096823,Isaac Sim RRT,4,9
13,PER-DDQN-Light+MASAC,123,143.2864309,TRUE,9,0,9,0,1,0,120.7354798,5,0.367739899,0.735479799,264.0219107,9,2.725972891,2026-01-19T11:42:16.852910,Isaac Sim RRT,4,9
14,PER-DDQN-Light+MASAC,123,154.3060173,TRUE,9,0,9,0,1,0,119.9634019,5,0.73170097,1.46340194,274.2694192,9,1.192046404,2026-01-19T11:42:18.067290,Isaac Sim RRT,4,9
15,PER-DDQN-Light+MASAC,123,91.54625999,FALSE,8,0,8,1,1,0,204.8939867,5,-0.053006643,-0.106013286,296.4402467,8,0.583655834,2026-01-19T11:44:02.658005,Isaac Sim RRT,4,9
16,PER-DDQN-Light+MASAC,123,127.1187193,TRUE,9,0,9,0,1,0,160.3475762,5,0.423788098,0.847576197,287.4662955,9,0.592982054,2026-01-19T11:44:03.293044,Isaac Sim RRT,4,9
17,PER-DDQN-Light+MASAC,123,153.303472,TRUE,9,0,9,0,1,0,161.8315801,5,0.415790049,0.831580098,315.1350521,9,0.549106121,2026-01-19T11:44:03.866855,Isaac Sim RRT,4,9
1,PER-DDQN-Full+MASAC,123,133.9658191,TRUE,9,0,9,0,1,0,161.2866597,5,0.143329857,0.286659713,295.2524788,9,1.120589495,2026-01-19T11:44:25.665788,Isaac Sim RRT,4,9
2,PER-DDQN-Full+MASAC,123,128.7615256,TRUE,9,0,9,0,1,0,201.0197711,5,1.009885562,2.019771124,329.7812967,9,2.896269321,2026-01-19T11:44:28.601223,Isaac Sim RRT,4,9
3,PER-DDQN-Full+MASAC,123,141.2305393,TRUE,9,0,9,0,1,0,160.8078434,5,0.653921687,1.307843375,302.0383827,9,1.009582043,2026-01-19T11:45:59.411370,Isaac Sim RRT,4,9
4,PER-DDQN-Full+MASAC,123,43.81918647,FALSE,8,0,8,1,1,0,162.237783,5,0.86889152,1.737783039,206.0569695,10,4.911758661,2026-01-19T11:46:04.370393,Isaac Sim RRT,4,9
5,PER-DDQN-Full+MASAC,123,130.7466625,TRUE,9,0,9,0,1,0,204.034616,5,0.267308011,0.534616022,334.7812785,9,1.029084444,2026-01-19T11:46:05.421306,Isaac Sim RRT,4,9
6,PER-DDQN-Full+MASAC,123,-956.220219,FALSE,8,0,8,1,1,0,160.3094005,5,0.404700249,0.809400499,-795.9108185,50,99.77738762,2026-01-19T11:47:46.332410,Isaac Sim RRT,4,9
7,PER-DDQN-Full+MASAC,123,55.49780573,FALSE,8,0,8,1,1,0,201.3025131,5,0.40125654,0.802513079,256.8003188,9,3.316532612,2026-01-19T11:47:49.674046,Isaac Sim RRT,4,9
8,PER-DDQN-Full+MASAC,123,122.8936658,TRUE,9,0,9,0,1,0,201.8432694,5,0.671634688,1.343269377,324.7369352,9,0.951949835,2026-01-19T11:47:50.652531,Isaac Sim RRT,4,9
9,PER-DDQN-Full+MASAC,123,73.53615575,FALSE,8,0,8,1,1,0,163.5560106,5,0.528005304,1.056010608,237.0921664,8,0.693387747,2026-01-19T11:47:51.376977,Isaac Sim RRT,4,9
10,PER-DDQN-Full+MASAC,123,133.187418,TRUE,9,0,9,0,1,0,160.8912666,5,0.695633322,1.391266644,294.0786847,9,0.622356653,2026-01-19T11:47:52.041978,Isaac Sim RRT,4,9
11,PER-DDQN-Full+MASAC,123,153.4832932,TRUE,9,0,9,0,1,0,163.0289278,5,0.264463894,0.528927787,316.5122209,9,0.658651829,2026-01-19T11:47:52.739748,Isaac Sim RRT,4,9
12,PER-DDQN-Full+MASAC,123,78.96508186,FALSE,8,0,8,1,1,0,201.5494499,5,0.524724973,1.049449945,280.5145318,8,0.904121399,2026-01-19T11:47:53.671427,Isaac Sim RRT,4,9
13,PER-DDQN-Full+MASAC,123,126.3063267,TRUE,9,0,9,0,1,0,202.6363611,5,0.318180529,0.636361057,328.9426878,9,0.658107758,2026-01-19T11:47:54.346807,Isaac Sim RRT,4,9
14,PER-DDQN-Full+MASAC,123,-942.1347971,FALSE,8,0,8,1,1,0,166.0865161,5,0.293258071,0.586516142,-776.048281,50,97.91803598,2026-01-19T11:49:32.295346,Isaac Sim RRT,4,9
15,PER-DDQN-Full+MASAC,123,-925.5605544,FALSE,8,0,8,1,1,0,205.1701496,5,0.085074825,0.170149649,-720.3904048,50,103.356704,2026-01-19T11:51:15.694139,Isaac Sim RRT,4,9
16,PER-DDQN-Full+MASAC,123,123.9051928,TRUE,9,0,9,0,1,0,165.1359038,5,0.567951888,1.135903776,289.0410965,10,5.615168333,2026-01-19T11:51:21.339729,Isaac Sim RRT,4,9
17,PER-DDQN-Full+MASAC,123,-963.4023661,FALSE,7,0,7,2,1,0,200.8281264,5,0.164063215,0.32812643,-762.5742397,50,110.2532566,2026-01-19T11:53:11.612507,Isaac Sim RRT,4,9
1,C51-DDQN+MASAC,123,138.2940899,TRUE,9,0,9,0,1,0,201.7240951,5,0.612047535,1.224095071,340.0181849,9,0.724238396,2026-01-19T11:53:45.763015,Isaac Sim RRT,4,9
2,C51-DDQN+MASAC,123,78.17461309,FALSE,8,0,8,1,1,0,201.2377889,5,0.368894437,0.737788873,279.412402,8,0.610735893,2026-01-19T11:53:46.411935,Isaac Sim RRT,4,9
3,C51-DDQN+MASAC,123,86.57467219,TRUE,9,0,9,0,1,0,203.1402784,5,0.570139178,1.140278357,289.7149505,11,5.871896267,2026-01-19T11:53:52.321547,Isaac Sim RRT,4,9
4,C51-DDQN+MASAC,123,129.8335363,TRUE,9,0,9,0,1,0,118.7805096,5,0.140254803,0.280509606,248.6140459,9,3.445760012,2026-01-19T11:55:53.140979,Isaac Sim RRT,4,9
5,C51-DDQN+MASAC,123,143.2792791,TRUE,9,0,9,0,1,0,202.0299989,5,0.764999432,1.529998863,345.309278,9,0.698533058,2026-01-19T11:55:53.862572,Isaac Sim RRT,4,9
6,C51-DDQN+MASAC,123,141.8845108,TRUE,9,0,9,0,1,0,202.2019726,5,0.850986314,1.701972628,344.0864835,9,0.498978615,2026-01-19T11:55:54.385068,Isaac Sim RRT,4,9
7,C51-DDQN+MASAC,123,160.2435114,TRUE,9,0,9,0,1,0,207.5561158,5,0.52805792,1.056115839,367.7996272,9,0.947551727,2026-01-19T11:55:55.361721,Isaac Sim RRT,4,9
8,C51-DDQN+MASAC,123,135.959006,TRUE,9,0,9,0,1,0,200.4266228,5,1.463311407,2.926622814,336.3856288,9,0.923026085,2026-01-19T11:55:56.315338,Isaac Sim RRT,4,9
9,C51-DDQN+MASAC,123,149.5199678,TRUE,9,0,9,0,1,0,121.1722474,5,0.586123718,1.172247436,270.6922152,9,0.965681553,2026-01-19T11:55:57.305780,Isaac Sim RRT,4,9
10,C51-DDQN+MASAC,123,-943.5849185,FALSE,8,0,8,1,1,0,164.5146766,5,0.257338301,0.514676602,-779.0702419,50,107.0379791,2026-01-19T11:57:44.369782,Isaac Sim RRT,4,9
11,C51-DDQN+MASAC,123,69.22696807,FALSE,8,0,8,1,1,0,180.7489849,5,0.874492449,1.748984898,249.975953,8,0.666507244,2026-01-19T11:57:45.073863,Isaac Sim RRT,4,9
12,C51-DDQN+MASAC,123,-950.6914718,FALSE,8,0,8,1,1,0,181.5081268,5,0.50406338,1.00812676,-769.183345,50,101.5873549,2026-01-19T11:59:26.679755,Isaac Sim RRT,4,9
13,C51-DDQN+MASAC,123,137.559347,TRUE,9,0,9,0,1,0,164.8679683,5,0.43398416,0.867968321,302.4273154,9,0.969674349,2026-01-19T11:59:27.666956,Isaac Sim RRT,4,9
14,C51-DDQN+MASAC,123,145.6652748,TRUE,9,0,9,0,1,0,119.1482645,5,0.324132249,0.648264499,264.8135393,9,0.909728289,2026-01-19T11:59:28.607089,Isaac Sim RRT,4,9
15,C51-DDQN+MASAC,123,72.36088286,FALSE,8,0,8,1,1,0,163.8743618,5,0.687180913,1.374361827,236.2352447,8,0.68460083,2026-01-19T11:59:29.325453,Isaac Sim RRT,4,9
16,C51-DDQN+MASAC,123,124.0086927,TRUE,9,0,9,0,1,0,201.3674638,5,0.43373192,0.86746384,325.3761566,9,1.237739801,2026-01-19T11:59:33.735971,Isaac Sim RRT,4,9
17,C51-DDQN+MASAC,123,-1126.227996,FALSE,3,0,3,6,1,0,80.31376654,5,0.656883268,1.313766537,-1045.914229,50,116.5674393,2026-01-19T12:01:31.050764,Isaac Sim RRT,4,9
1,SAC-Discrete+MASAC,123,143.5237544,TRUE,9,0,9,0,1,0,159.2739549,5,0.636977464,1.273954928,302.7977094,9,1.437260389,2026-01-19T12:02:41.362456,Isaac Sim RRT,4,9
2,SAC-Discrete+MASAC,123,138.0121093,TRUE,9,0,9,0,1,0,206.2658709,5,0.632935449,1.265870898,344.2779802,9,1.098273039,2026-01-19T12:02:42.494928,Isaac Sim RRT,4,9
3,SAC-Discrete+MASAC,123,133.5477802,TRUE,9,0,9,0,1,0,201.0325991,5,1.016299528,2.032599056,334.5803793,9,0.97087431,2026-01-19T12:02:43.499866,Isaac Sim RRT,4,9
4,SAC-Discrete+MASAC,123,137.0036456,TRUE,9,0,9,0,1,0,161.0648915,5,0.782445727,1.564891453,298.068537,9,0.748305798,2026-01-19T12:02:44.285860,Isaac Sim RRT,4,9
5,SAC-Discrete+MASAC,123,154.9653994,TRUE,9,0,9,0,1,0,161.7929668,5,0.396483419,0.792966838,316.7583663,9,0.889477015,2026-01-19T12:02:45.207892,Isaac Sim RRT,4,9
6,SAC-Discrete+MASAC,123,127.3331429,TRUE,7,0,7,2,1,0,120.8329528,5,0.416476412,0.832952824,248.1660957,9,0.835672617,2026-01-19T12:02:46.082177,Isaac Sim RRT,4,9
7,SAC-Discrete+MASAC,123,131.0040913,TRUE,9,0,9,0,1,0,160.9250999,5,0.712549953,1.425099905,291.9291912,9,1.011408329,2026-01-19T12:02:47.137227,Isaac Sim RRT,4,9
8,SAC-Discrete+MASAC,123,76.50060865,FALSE,8,0,8,1,1,0,161.7418691,5,1.120934544,2.241869088,238.2424777,8,0.94837594,2026-01-19T12:04:38.125068,Isaac Sim RRT,4,9
9,SAC-Discrete+MASAC,123,123.7761612,TRUE,9,0,9,0,1,0,201.9696565,5,0.734828246,1.469656492,325.7458177,9,1.001887083,2026-01-19T12:04:39.161518,Isaac Sim RRT,4,9
10,SAC-Discrete+MASAC,123,122.0128164,TRUE,9,0,9,0,1,0,160.2185385,5,1.109269259,2.218538518,282.2313549,9,1.245373487,2026-01-19T12:04:40.424919,Isaac Sim RRT,4,9
11,SAC-Discrete+MASAC,123,78.9680444,FALSE,8,0,8,1,1,0,182.081719,5,1.040859485,2.08171897,261.0497634,8,0.474292517,2026-01-19T12:06:37.769220,Isaac Sim RRT,4,9
12,SAC-Discrete+MASAC,123,65.18523203,FALSE,8,0,8,1,1,0,201.3219144,5,1.1609572,2.321914399,266.5071464,8,0.56112051,2026-01-19T12:06:38.353904,Isaac Sim RRT,4,9
13,SAC-Discrete+MASAC,123,82.8163505,FALSE,8,0,8,1,1,0,201.4704428,5,0.485221398,0.970442796,284.2867933,8,0.707993269,2026-01-19T12:06:39.091041,Isaac Sim RRT,4,9
14,SAC-Discrete+MASAC,123,134.3670359,TRUE,9,0,9,0,1,0,125.1160414,5,0.308020697,0.616041393,259.4830772,9,0.587892056,2026-01-19T12:06:39.708779,Isaac Sim RRT,4,9
15,SAC-Discrete+MASAC,123,135.7289038,TRUE,9,0,9,0,1,0,201.0532447,5,1.026622367,2.053244734,336.7821486,9,0.882514715,2026-01-19T12:06:40.610679,Isaac Sim RRT,4,9
16,SAC-Discrete+MASAC,123,117.4868844,TRUE,9,0,9,0,1,0,202.4504585,5,0.975229246,1.950458491,319.9373429,9,0.852926016,2026-01-19T12:06:41.501645,Isaac Sim RRT,4,9
17,SAC-Discrete+MASAC,123,85.703257,TRUE,9,0,9,0,1,0,162.1353607,5,0.567680357,1.135360713,247.8386177,11,5.534989119,2026-01-19T12:06:47.066540,Isaac Sim RRT,4,9
1,PPO-Discrete+MASAC,123,99.30639734,FALSE,8,0,8,1,1,0,159.9334702,5,1.716735078,3.433470155,259.2398675,8,0.561103582,2026-01-19T12:07:28.507557,Isaac Sim RRT,4,9
2,PPO-Discrete+MASAC,123,146.2538114,TRUE,9,0,9,0,1,0,202.7825875,5,1.141293747,2.282587493,349.0363989,9,0.56906271,2026-01-19T12:07:29.099611,Isaac Sim RRT,4,9
3,PPO-Discrete+MASAC,123,128.0455281,TRUE,9,0,9,0,1,0,165.1877741,5,0.593887031,1.187774062,293.2333021,9,2.914482117,2026-01-19T12:07:32.038030,Isaac Sim RRT,4,9
4,PPO-Discrete+MASAC,123,136.7386841,TRUE,9,0,9,0,1,0,163.866048,5,0.683024013,1.366048026,300.6047321,9,0.922553539,2026-01-19T12:07:32.988177,Isaac Sim RRT,4,9
5,PPO-Discrete+MASAC,123,-1129.598935,FALSE,3,0,3,6,1,0,203.8542242,5,0.177112121,0.354224241,-925.7447106,50,104.7118185,2026-01-19T12:09:17.726988,Isaac Sim RRT,4,9
6,PPO-Discrete+MASAC,123,98.02512954,FALSE,8,0,8,1,1,0,200.896054,5,0.948027021,1.896054042,298.9211836,8,3.02028656,2026-01-19T12:09:20.786421,Isaac Sim RRT,4,9
7,PPO-Discrete+MASAC,123,134.7223206,TRUE,9,0,9,0,1,0,200.9918227,5,0.995911372,1.991822744,335.7141433,9,0.686736107,2026-01-19T12:09:21.512333,Isaac Sim RRT,4,9
8,PPO-Discrete+MASAC,123,59.8384715,FALSE,8,0,8,1,1,0,199.1305744,5,0.815287181,1.630574362,258.9690459,9,5.058027506,2026-01-19T12:09:26.603389,Isaac Sim RRT,4,9
9,PPO-Discrete+MASAC,123,-1122.157171,FALSE,3,0,3,6,1,0,81.27968031,5,0.389840155,0.77968031,-1040.877491,50,114.9822984,2026-01-19T12:11:21.623117,Isaac Sim RRT,4,9
10,PPO-Discrete+MASAC,123,143.1713394,TRUE,9,0,9,0,1,0,160.562113,5,1.281056494,2.562112987,303.7334524,9,0.559785604,2026-01-19T12:11:22.203850,Isaac Sim RRT,4,9
11,PPO-Discrete+MASAC,123,146.4155537,TRUE,9,0,9,0,1,0,162.5025138,5,0.751256881,1.502513762,308.9180675,9,0.949954271,2026-01-19T12:14:47.171274,Isaac Sim RRT,4,9
12,PPO-Discrete+MASAC,123,150.0969095,TRUE,9,0,9,0,1,0,164.7599442,5,0.379972124,0.759944249,314.8568537,9,0.87426424,2026-01-19T12:14:48.073088,Isaac Sim RRT,4,9
13,PPO-Discrete+MASAC,123,131.2969877,TRUE,9,0,9,0,1,0,161.9945074,5,0.497253716,0.994507432,293.2914951,9,0.904030561,2026-01-19T12:14:49.017695,Isaac Sim RRT,4,9
14,PPO-Discrete+MASAC,123,139.2594211,TRUE,9,0,9,0,1,0,161.1770351,5,0.838517574,1.677035149,300.4364562,9,1.124644279,2026-01-19T12:14:50.184189,Isaac Sim RRT,4,9
15,PPO-Discrete+MASAC,123,128.9976463,TRUE,9,0,9,0,1,0,162.5529999,5,0.776499949,1.552999898,291.5506461,9,2.913027287,2026-01-19T12:16:34.785475,Isaac Sim RRT,4,9
16,PPO-Discrete+MASAC,123,135.2990368,TRUE,9,0,9,0,1,0,165.3337213,5,0.66686064,1.33372128,300.6327581,9,0.738388538,2026-01-19T12:16:35.556573,Isaac Sim RRT,4,9
17,PPO-Discrete+MASAC,123,148.3730372,TRUE,9,0,9,0,1,0,121.2828858,5,0.641442908,1.282885816,269.655923,9,0.990804911,2026-01-19T12:16:36.566499,Isaac Sim RRT,4,9
1,DDQN+MASAC,123,128.8038995,TRUE,9,0,9,0,1,0,201.122709,5,1.811354513,3.622709026,329.9266085,9,1.259330988,2026-01-19T12:17:23.070553,Isaac Sim RRT,4,9
2,DDQN+MASAC,123,131.1117513,TRUE,9,0,9,0,1,0,112.2646965,5,0.882348229,1.764696458,243.3764478,9,2.816741228,2026-01-19T12:19:10.022085,Isaac Sim RRT,4,9
3,DDQN+MASAC,123,150.5965788,TRUE,9,0,9,0,1,0,200.7249901,5,0.862495071,1.724990142,351.3215689,9,0.816866159,2026-01-19T12:19:10.866406,Isaac Sim RRT,4,9
4,DDQN+MASAC,123,138.0310945,TRUE,9,0,9,0,1,0,199.3302018,5,0.915100893,1.830201787,337.3612963,9,1.041623354,2026-01-19T12:19:11.932168,Isaac Sim RRT,4,9
5,DDQN+MASAC,123,129.3521081,TRUE,9,0,9,0,1,0,190.9400806,5,1.470040317,2.940080634,320.2921887,9,1.313390255,2026-01-19T12:20:47.627482,Isaac Sim RRT,4,9
6,DDQN+MASAC,123,-987.3864735,FALSE,9,0,9,0,1,0,160.1381932,5,0.319096589,0.638193178,-827.2482803,50,92.5760963,2026-01-19T12:22:20.222249,Isaac Sim RRT,4,9
7,DDQN+MASAC,123,126.8105825,TRUE,9,0,9,0,1,0,162.6516029,5,0.82580146,1.65160292,289.4621855,9,2.987852097,2026-01-19T12:22:23.246091,Isaac Sim RRT,4,9
8,DDQN+MASAC,123,140.9188378,TRUE,9,0,9,0,1,0,202.143813,5,0.821906519,1.643813038,343.0626508,9,1.167362452,2026-01-19T12:22:24.440604,Isaac Sim RRT,4,9
9,DDQN+MASAC,123,137.4319469,TRUE,9,0,9,0,1,0,201.0165672,5,1.008283621,2.016567242,338.4485142,9,0.734821796,2026-01-19T12:22:25.197478,Isaac Sim RRT,4,9
10,DDQN+MASAC,123,-1034.41925,FALSE,9,0,9,0,1,0,164.5280035,5,0.264001751,0.528003502,-869.8912463,50,94.0452795,2026-01-19T12:23:59.263785,Isaac Sim RRT,4,9
11,DDQN+MASAC,123,128.1378728,TRUE,9,0,9,0,1,0,162.1399619,5,0.569980971,1.139961942,290.2778348,9,0.922217607,2026-01-19T12:24:00.222568,Isaac Sim RRT,4,9
12,DDQN+MASAC,123,124.4664095,TRUE,8,0,8,1,1,0,201.5525718,5,0.526285893,1.052571786,326.0189813,9,2.801549435,2026-01-19T12:24:03.046118,Isaac Sim RRT,4,9
13,DDQN+MASAC,123,-1018.027489,FALSE,9,0,9,0,1,0,122.1347597,5,0.317379842,0.634759683,-895.8927295,50,101.629277,2026-01-19T12:25:44.700421,Isaac Sim RRT,4,9
14,DDQN+MASAC,123,-823.1468174,FALSE,8,0,8,1,1,0,164.1140506,5,0.057025277,0.114050555,-659.0327668,44,82.37675261,2026-01-19T12:27:07.110734,Isaac Sim RRT,4,9
15,DDQN+MASAC,123,136.3312759,TRUE,9,0,9,0,1,0,161.37564,5,0.937820009,1.875640019,297.706916,9,2.821162939,2026-01-19T12:27:09.965515,Isaac Sim RRT,4,9
16,DDQN+MASAC,123,71.00368707,TRUE,9,0,9,0,1,0,201.68835,5,1.344174993,2.688349987,272.6920371,11,5.462504148,2026-01-19T12:28:55.962916,Isaac Sim RRT,4,9
17,DDQN+MASAC,123,137.7250859,TRUE,9,0,9,0,1,0,160.9285394,5,0.714269698,1.428539395,298.6536253,9,3.169788122,2026-01-19T12:28:59.150747,Isaac Sim RRT,4,9
