global_timestep,episode,step_in_episode,reward,cumulative_reward,reshuffled,distance_reduced,time_saved,cubes_picked,done,truncated,algorithm,scenario,planner,seed,run_id
1,1,1,44.67987011605928,44.67987011605928,True,0.33993505802963975,0.6798701160592795,1,False,False,MASAC,grid4_cubes9_astar,A*,-1,1
2,1,2,41.429406034295056,86.10927615035433,True,0.5546380751771689,1.1092761503543378,2,False,False,MASAC,grid4_cubes9_astar,A*,-1,1
3,1,3,39.499999987427685,125.60927613778202,True,0.5546380688910127,1.1092761377820255,3,False,False,MASAC,grid4_cubes9_astar,A*,-1,1
4,1,4,0.0,125.60927613778202,True,0.5546380688910127,1.1092761377820255,4,False,False,MASAC,grid4_cubes9_astar,A*,-1,1
5,1,5,0.0,125.60927613778202,True,0.5546380688910127,1.1092761377820255,5,False,False,MASAC,grid4_cubes9_astar,A*,-1,1
6,1,6,0.0,125.60927613778202,False,0.5546380688910127,1.1092761377820255,6,False,False,MASAC,grid4_cubes9_astar,A*,-1,1
7,1,7,0.0,125.60927613778202,False,0.5546380688910127,1.1092761377820255,7,False,False,MASAC,grid4_cubes9_astar,A*,-1,1
8,1,8,0.0,125.60927613778202,False,0.5546380688910127,1.1092761377820255,8,False,False,MASAC,grid4_cubes9_astar,A*,-1,1
9,1,9,0.0,125.60927613778202,False,0.5546380688910127,1.1092761377820255,9,True,False,MASAC,grid4_cubes9_astar,A*,-1,1
10,2,1,41.172360407654736,41.172360407654736,True,0.08618020382736924,0.17236040765473848,1,False,False,MASAC,grid4_cubes9_astar,A*,-1,1
11,2,2,41.308540570084546,82.48090097773928,True,0.24045048886964326,0.48090097773928653,2,False,False,MASAC,grid4_cubes9_astar,A*,-1,1
12,2,3,0.0,82.48090097773928,True,0.24045048886964326,0.48090097773928653,3,False,False,MASAC,grid4_cubes9_astar,A*,-1,1
13,2,4,44.446804784308796,126.92770576204808,True,0.4638528810240412,0.9277057620480824,4,False,False,MASAC,grid4_cubes9_astar,A*,-1,1
14,2,5,41.09832702809999,168.02603279014807,True,0.5130163950740362,1.0260327901480724,5,False,False,MASAC,grid4_cubes9_astar,A*,-1,1
15,2,6,0.0,168.02603279014807,False,0.5130163950740362,1.0260327901480724,6,False,False,MASAC,grid4_cubes9_astar,A*,-1,1
16,2,7,0.0,168.02603279014807,False,0.5130163950740362,1.0260327901480724,7,False,False,MASAC,grid4_cubes9_astar,A*,-1,1
17,2,8,0.0,168.02603279014807,False,0.5130163950740362,1.0260327901480724,8,False,False,MASAC,grid4_cubes9_astar,A*,-1,1
18,2,9,0.0,168.02603279014807,False,0.5130163950740362,1.0260327901480724,9,True,False,MASAC,grid4_cubes9_astar,A*,-1,1
19,3,1,44.3801352491581,44.3801352491581,True,1.1900676245790511,2.3801352491581023,1,False,False,MASAC,grid4_cubes9_astar,A*,-1,1
20,3,2,39.499999987427685,83.88013523658579,True,1.190067618292895,2.38013523658579,2,False,False,MASAC,grid4_cubes9_astar,A*,-1,1
21,3,3,0.0,83.88013523658579,True,1.190067618292895,2.38013523658579,3,False,False,MASAC,grid4_cubes9_astar,A*,-1,1
22,3,4,0.0,83.88013523658579,True,1.190067618292895,2.38013523658579,4,False,False,MASAC,grid4_cubes9_astar,A*,-1,1
23,3,5,0.0,83.88013523658579,True,1.190067618292895,2.38013523658579,5,False,False,MASAC,grid4_cubes9_astar,A*,-1,1
24,3,6,0.0,83.88013523658579,False,1.190067618292895,2.38013523658579,6,False,False,MASAC,grid4_cubes9_astar,A*,-1,1
25,3,7,0.0,83.88013523658579,False,1.190067618292895,2.38013523658579,7,False,False,MASAC,grid4_cubes9_astar,A*,-1,1
26,3,8,0.0,83.88013523658579,False,1.190067618292895,2.38013523658579,8,False,False,MASAC,grid4_cubes9_astar,A*,-1,1
27,3,9,0.0,83.88013523658579,False,1.190067618292895,2.38013523658579,9,True,False,MASAC,grid4_cubes9_astar,A*,-1,1
28,4,1,41.39989637071321,41.39989637071321,True,0.19994818535660508,0.39989637071321016,1,False,False,MASAC,grid4_cubes9_astar,A*,-1,1
29,4,2,39.397805916611645,80.79770228732485,True,0.1488511436624289,0.2977022873248578,2,False,False,MASAC,grid4_cubes9_astar,A*,-1,1
30,4,3,44.54481803113649,125.34252031846134,True,0.4212601592306734,0.8425203184613468,3,False,False,MASAC,grid4_cubes9_astar,A*,-1,1
31,4,4,0.0,125.34252031846134,True,0.4212601592306734,0.8425203184613468,4,False,False,MASAC,grid4_cubes9_astar,A*,-1,1
32,4,5,0.0,125.34252031846134,True,0.4212601592306734,0.8425203184613468,5,False,False,MASAC,grid4_cubes9_astar,A*,-1,1
33,4,6,0.0,125.34252031846134,False,0.4212601592306734,0.8425203184613468,6,False,False,MASAC,grid4_cubes9_astar,A*,-1,1
34,4,7,0.0,125.34252031846134,False,0.4212601592306734,0.8425203184613468,7,False,False,MASAC,grid4_cubes9_astar,A*,-1,1
35,4,8,0.0,125.34252031846134,False,0.4212601592306734,0.8425203184613468,8,False,False,MASAC,grid4_cubes9_astar,A*,-1,1
36,4,9,0.0,125.34252031846134,False,0.4212601592306734,0.8425203184613468,9,True,False,MASAC,grid4_cubes9_astar,A*,-1,1
37,5,1,44.32342917825814,44.32342917825814,True,1.1617145891290694,2.323429178258139,1,False,False,MASAC,grid4_cubes9_astar,A*,-1,1
38,5,2,0.0,44.32342917825814,False,1.1617145891290694,2.323429178258139,2,False,False,MASAC,grid4_cubes9_astar,A*,-1,1
39,5,3,44.57861148053834,88.90204065879648,True,1.4510203293982418,2.9020406587964835,3,False,False,MASAC,grid4_cubes9_astar,A*,-1,1
40,5,4,0.0,88.90204065879648,True,1.4510203293982418,2.9020406587964835,4,False,False,MASAC,grid4_cubes9_astar,A*,-1,1
41,5,5,0.0,88.90204065879648,True,1.4510203293982418,2.9020406587964835,5,False,False,MASAC,grid4_cubes9_astar,A*,-1,1
42,5,6,0.0,88.90204065879648,True,1.4510203293982418,2.9020406587964835,6,False,False,MASAC,grid4_cubes9_astar,A*,-1,1
43,5,7,0.0,88.90204065879648,False,1.4510203293982418,2.9020406587964835,7,False,False,MASAC,grid4_cubes9_astar,A*,-1,1
44,5,8,0.0,88.90204065879648,False,1.4510203293982418,2.9020406587964835,8,False,False,MASAC,grid4_cubes9_astar,A*,-1,1
45,5,9,0.0,88.90204065879648,False,1.4510203293982418,2.9020406587964835,9,True,False,MASAC,grid4_cubes9_astar,A*,-1,1
46,6,1,19.293441794883137,19.293441794883137,True,-0.10327910255843165,-0.2065582051168633,1,False,False,MASAC,grid4_cubes9_astar,A*,-1,1
47,6,2,41.09832702809999,60.391768822983124,True,-0.054115588508436674,-0.10823117701687335,2,False,False,MASAC,grid4_cubes9_astar,A*,-1,1
48,6,3,44.79605998850954,105.18782881149266,True,0.3439144057463336,0.6878288114926672,3,False,False,MASAC,grid4_cubes9_astar,A*,-1,1
49,6,4,0.0,105.18782881149266,True,0.3439144057463336,0.6878288114926672,4,False,False,MASAC,grid4_cubes9_astar,A*,-1,1
50,6,5,41.09832702809999,146.28615583959265,True,0.39307791979632856,0.7861558395926571,5,False,False,MASAC,grid4_cubes9_astar,A*,-1,1
51,6,6,0.0,146.28615583959265,False,0.39307791979632856,0.7861558395926571,6,False,False,MASAC,grid4_cubes9_astar,A*,-1,1
52,6,7,0.0,146.28615583959265,False,0.39307791979632856,0.7861558395926571,7,False,False,MASAC,grid4_cubes9_astar,A*,-1,1
53,6,8,0.0,146.28615583959265,False,0.39307791979632856,0.7861558395926571,8,False,False,MASAC,grid4_cubes9_astar,A*,-1,1
54,6,9,0.0,146.28615583959265,False,0.39307791979632856,0.7861558395926571,9,True,False,MASAC,grid4_cubes9_astar,A*,-1,1
55,7,1,44.87841724092195,44.87841724092195,True,0.4392086204609752,0.8784172409219504,1,False,False,MASAC,grid4_cubes9_astar,A*,-1,1
56,7,2,44.53788541490266,89.41630265582461,True,0.7081513279123068,1.4163026558246137,2,False,False,MASAC,grid4_cubes9_astar,A*,-1,1
57,7,3,39.499999987427685,128.9163026432523,True,0.7081513216261507,1.4163026432523014,3,False,False,MASAC,grid4_cubes9_astar,A*,-1,1
58,7,4,41.09200059110353,170.00830323435582,True,0.7541516171779157,1.5083032343558314,4,False,False,MASAC,grid4_cubes9_astar,A*,-1,1
59,7,5,0.0,170.00830323435582,True,0.7541516171779157,1.5083032343558314,5,False,False,MASAC,grid4_cubes9_astar,A*,-1,1
60,7,6,0.0,170.00830323435582,False,0.7541516171779157,1.5083032343558314,6,False,False,MASAC,grid4_cubes9_astar,A*,-1,1
61,7,7,0.0,170.00830323435582,False,0.7541516171779157,1.5083032343558314,7,False,False,MASAC,grid4_cubes9_astar,A*,-1,1
62,7,8,0.0,170.00830323435582,False,0.7541516171779157,1.5083032343558314,8,False,False,MASAC,grid4_cubes9_astar,A*,-1,1
63,7,9,0.0,170.00830323435582,False,0.7541516171779157,1.5083032343558314,9,True,False,MASAC,grid4_cubes9_astar,A*,-1,1
64,8,1,39.38156889611909,39.38156889611909,True,-0.059215551940453026,-0.11843110388090605,1,False,False,MASAC,grid4_cubes9_astar,A*,-1,1
65,8,2,39.499999987427685,78.88156888354678,True,-0.05921555822660918,-0.11843111645321835,2,False,False,MASAC,grid4_cubes9_astar,A*,-1,1
66,8,3,0.0,78.88156888354678,True,-0.05921555822660918,-0.11843111645321835,3,False,False,MASAC,grid4_cubes9_astar,A*,-1,1
67,8,4,0.0,78.88156888354678,True,-0.05921555822660918,-0.11843111645321835,4,False,False,MASAC,grid4_cubes9_astar,A*,-1,1
68,8,5,38.54097973284295,117.42254861638972,True,-0.5387256918051355,-1.077451383610271,5,False,False,MASAC,grid4_cubes9_astar,A*,-1,1
69,8,6,0.0,117.42254861638972,False,-0.5387256918051355,-1.077451383610271,6,False,False,MASAC,grid4_cubes9_astar,A*,-1,1
70,8,7,0.0,117.42254861638972,False,-0.5387256918051355,-1.077451383610271,7,False,False,MASAC,grid4_cubes9_astar,A*,-1,1
71,8,8,0.0,117.42254861638972,False,-0.5387256918051355,-1.077451383610271,8,False,False,MASAC,grid4_cubes9_astar,A*,-1,1
72,8,9,0.0,117.42254861638972,False,-0.5387256918051355,-1.077451383610271,9,True,False,MASAC,grid4_cubes9_astar,A*,-1,1
73,9,1,41.17564251280916,41.17564251280916,True,0.08782125640458105,0.1756425128091621,1,False,False,MASAC,grid4_cubes9_astar,A*,-1,1
74,9,2,0.0,41.17564251280916,False,0.08782125640458105,0.1756425128091621,2,False,False,MASAC,grid4_cubes9_astar,A*,-1,1
75,9,3,0.0,41.17564251280916,True,0.08782125640458105,0.1756425128091621,3,False,False,MASAC,grid4_cubes9_astar,A*,-1,1
76,9,4,41.09832702809999,82.27396954090915,True,0.13698477045457602,0.27396954090915204,4,False,False,MASAC,grid4_cubes9_astar,A*,-1,1
77,9,5,0.0,82.27396954090915,True,0.13698477045457602,0.27396954090915204,5,False,False,MASAC,grid4_cubes9_astar,A*,-1,1
78,9,6,0.0,82.27396954090915,True,0.13698477045457602,0.27396954090915204,6,False,False,MASAC,grid4_cubes9_astar,A*,-1,1
79,9,7,0.0,82.27396954090915,False,0.13698477045457602,0.27396954090915204,7,False,False,MASAC,grid4_cubes9_astar,A*,-1,1
80,9,8,0.0,82.27396954090915,False,0.13698477045457602,0.27396954090915204,8,False,False,MASAC,grid4_cubes9_astar,A*,-1,1
81,9,9,0.0,82.27396954090915,False,0.13698477045457602,0.27396954090915204,9,True,False,MASAC,grid4_cubes9_astar,A*,-1,1
82,10,1,41.36479340726564,41.36479340726564,True,0.18239670363281968,0.36479340726563936,1,False,False,MASAC,grid4_cubes9_astar,A*,-1,1
83,10,2,0.0,41.36479340726564,False,0.18239670363281968,0.36479340726563936,2,False,False,MASAC,grid4_cubes9_astar,A*,-1,1
84,10,3,0.0,41.36479340726564,True,0.18239670363281968,0.36479340726563936,3,False,False,MASAC,grid4_cubes9_astar,A*,-1,1
85,10,4,0.0,41.36479340726564,True,0.18239670363281968,0.36479340726563936,4,False,False,MASAC,grid4_cubes9_astar,A*,-1,1
86,10,5,41.114701377694104,82.47949478495974,True,0.23974739247987276,0.4794947849597455,5,False,False,MASAC,grid4_cubes9_astar,A*,-1,1
87,10,6,39.499999987427685,121.97949477238743,True,0.2397473861937166,0.4794947723874332,6,False,False,MASAC,grid4_cubes9_astar,A*,-1,1
88,10,7,0.0,121.97949477238743,False,0.2397473861937166,0.4794947723874332,7,False,False,MASAC,grid4_cubes9_astar,A*,-1,1
89,10,8,0.0,121.97949477238743,False,0.2397473861937166,0.4794947723874332,8,False,False,MASAC,grid4_cubes9_astar,A*,-1,1
90,10,9,0.0,121.97949477238743,False,0.2397473861937166,0.4794947723874332,9,True,False,MASAC,grid4_cubes9_astar,A*,-1,1
91,11,1,44.492489408513265,44.492489408513265,True,1.246244704256633,2.492489408513266,1,False,False,MASAC,grid4_cubes9_astar,A*,-1,1
92,11,2,0.0,44.492489408513265,False,1.246244704256633,2.492489408513266,2,False,False,MASAC,grid4_cubes9_astar,A*,-1,1
93,11,3,41.39841209584901,85.89090150436228,True,1.4454507521811397,2.8909015043622794,3,False,False,MASAC,grid4_cubes9_astar,A*,-1,1
94,11,4,41.14991425210664,127.04081575646892,True,1.5204078782344612,3.0408157564689224,4,False,False,MASAC,grid4_cubes9_astar,A*,-1,1
95,11,5,44.55007933313081,171.5908950895997,True,1.7954475447998677,3.5908950895997354,5,False,False,MASAC,grid4_cubes9_astar,A*,-1,1
96,11,6,39.499999987427685,211.0908950770274,True,1.7954475385137116,3.5908950770274233,6,False,False,MASAC,grid4_cubes9_astar,A*,-1,1
97,11,7,0.0,211.0908950770274,False,1.7954475385137116,3.5908950770274233,7,False,False,MASAC,grid4_cubes9_astar,A*,-1,1
98,11,8,0.0,211.0908950770274,False,1.7954475385137116,3.5908950770274233,8,False,False,MASAC,grid4_cubes9_astar,A*,-1,1
99,11,9,0.0,211.0908950770274,False,1.7954475385137116,3.5908950770274233,9,True,False,MASAC,grid4_cubes9_astar,A*,-1,1
100,12,1,59.18931064370402,59.18931064370402,True,1.5946553218520099,3.1893106437040197,1,False,False,MASAC,grid4_cubes9_astar,A*,-1,1
101,12,2,41.09832702809999,100.287637671804,True,1.643818835902005,3.28763767180401,2,False,False,MASAC,grid4_cubes9_astar,A*,-1,1
102,12,3,41.122893320862744,141.41053099266674,True,1.7052654963333782,3.4105309926667564,3,False,False,MASAC,grid4_cubes9_astar,A*,-1,1
103,12,4,0.0,141.41053099266674,True,1.7052654963333782,3.4105309926667564,4,False,False,MASAC,grid4_cubes9_astar,A*,-1,1
104,12,5,0.0,141.41053099266674,True,1.7052654963333782,3.4105309926667564,5,False,False,MASAC,grid4_cubes9_astar,A*,-1,1
105,12,6,0.0,141.41053099266674,False,1.7052654963333782,3.4105309926667564,6,False,False,MASAC,grid4_cubes9_astar,A*,-1,1
106,12,7,0.0,141.41053099266674,False,1.7052654963333782,3.4105309926667564,7,False,False,MASAC,grid4_cubes9_astar,A*,-1,1
107,12,8,0.0,141.41053099266674,False,1.7052654963333782,3.4105309926667564,8,False,False,MASAC,grid4_cubes9_astar,A*,-1,1
108,13,1,44.40666694547768,44.40666694547768,True,1.2033334727388412,2.4066669454776823,1,False,False,MASAC,grid4_cubes9_astar,A*,-1,1
109,13,2,0.0,44.40666694547768,False,1.2033334727388412,2.4066669454776823,2,False,False,MASAC,grid4_cubes9_astar,A*,-1,1
110,13,3,0.0,44.40666694547768,True,1.2033334727388412,2.4066669454776823,3,False,False,MASAC,grid4_cubes9_astar,A*,-1,1
111,13,4,0.0,44.40666694547768,True,1.2033334727388412,2.4066669454776823,4,False,False,MASAC,grid4_cubes9_astar,A*,-1,1
112,13,5,39.4384090774698,83.84507602294748,True,1.1725380114737423,2.3450760229474845,5,False,False,MASAC,grid4_cubes9_astar,A*,-1,1
113,13,6,39.499999987427685,123.34507601037517,True,1.1725380051875862,2.3450760103751724,6,False,False,MASAC,grid4_cubes9_astar,A*,-1,1
114,13,7,0.0,123.34507601037517,False,1.1725380051875862,2.3450760103751724,7,False,False,MASAC,grid4_cubes9_astar,A*,-1,1
115,13,8,0.0,123.34507601037517,False,1.1725380051875862,2.3450760103751724,8,False,False,MASAC,grid4_cubes9_astar,A*,-1,1
116,13,9,0.0,123.34507601037517,False,1.1725380051875862,2.3450760103751724,9,True,False,MASAC,grid4_cubes9_astar,A*,-1,1
117,14,1,44.3187601080143,44.3187601080143,True,1.1593800540071517,2.3187601080143034,1,False,False,MASAC,grid4_cubes9_astar,A*,-1,1
118,14,2,0.0,44.3187601080143,False,1.1593800540071517,2.3187601080143034,2,False,False,MASAC,grid4_cubes9_astar,A*,-1,1
119,14,3,0.0,44.3187601080143,True,1.1593800540071517,2.3187601080143034,3,False,False,MASAC,grid4_cubes9_astar,A*,-1,1
120,14,4,0.0,44.3187601080143,True,1.1593800540071517,2.3187601080143034,4,False,False,MASAC,grid4_cubes9_astar,A*,-1,1
121,14,5,0.0,44.3187601080143,True,1.1593800540071517,2.3187601080143034,5,False,False,MASAC,grid4_cubes9_astar,A*,-1,1
122,14,6,0.0,44.3187601080143,True,1.1593800540071517,2.3187601080143034,6,False,False,MASAC,grid4_cubes9_astar,A*,-1,1
123,14,7,0.0,44.3187601080143,False,1.1593800540071517,2.3187601080143034,7,False,False,MASAC,grid4_cubes9_astar,A*,-1,1
124,14,8,0.0,44.3187601080143,False,1.1593800540071517,2.3187601080143034,8,False,False,MASAC,grid4_cubes9_astar,A*,-1,1
125,14,9,0.0,44.3187601080143,False,1.1593800540071517,2.3187601080143034,9,True,False,MASAC,grid4_cubes9_astar,A*,-1,1
126,15,1,39.46215389901826,39.46215389901826,True,-0.018923050490868065,-0.03784610098173613,1,False,False,MASAC,grid4_cubes9_astar,A*,-1,1
127,15,2,0.0,39.46215389901826,False,-0.018923050490868065,-0.03784610098173613,2,False,False,MASAC,grid4_cubes9_astar,A*,-1,1
128,15,3,39.372754918877575,78.83490881789584,True,-0.08254559105207915,-0.1650911821041583,3,False,False,MASAC,grid4_cubes9_astar,A*,-1,1
129,15,4,39.499999987427685,118.33490880532352,True,-0.0825455973382353,-0.1650911946764706,4,False,False,MASAC,grid4_cubes9_astar,A*,-1,1
130,15,5,41.32947145635316,159.66438026167668,True,0.08219013083834659,0.16438026167669317,5,False,False,MASAC,grid4_cubes9_astar,A*,-1,1
131,15,6,0.0,159.66438026167668,True,0.08219013083834659,0.16438026167669317,6,False,False,MASAC,grid4_cubes9_astar,A*,-1,1
132,15,7,0.0,159.66438026167668,False,0.08219013083834659,0.16438026167669317,7,False,False,MASAC,grid4_cubes9_astar,A*,-1,1
133,15,8,0.0,159.66438026167668,False,0.08219013083834659,0.16438026167669317,8,False,False,MASAC,grid4_cubes9_astar,A*,-1,1
134,15,9,0.0,159.66438026167668,False,0.08219013083834659,0.16438026167669317,9,True,False,MASAC,grid4_cubes9_astar,A*,-1,1
135,16,1,41.19013367826173,41.19013367826173,True,0.09506683913086655,0.1901336782617331,1,False,False,MASAC,grid4_cubes9_astar,A*,-1,1
136,16,2,38.562741507859734,79.75287518612146,True,-0.37356240693926746,-0.7471248138785349,2,False,False,MASAC,grid4_cubes9_astar,A*,-1,1
137,16,3,0.0,79.75287518612146,True,-0.37356240693926746,-0.7471248138785349,3,False,False,MASAC,grid4_cubes9_astar,A*,-1,1
138,16,4,0.0,79.75287518612146,True,-0.37356240693926746,-0.7471248138785349,4,False,False,MASAC,grid4_cubes9_astar,A*,-1,1
139,16,5,44.98702587939394,124.7399010655154,True,0.11995053275770251,0.23990106551540502,5,False,False,MASAC,grid4_cubes9_astar,A*,-1,1
140,16,6,0.0,124.7399010655154,False,0.11995053275770251,0.23990106551540502,6,False,False,MASAC,grid4_cubes9_astar,A*,-1,1
141,16,7,0.0,124.7399010655154,False,0.11995053275770251,0.23990106551540502,7,False,False,MASAC,grid4_cubes9_astar,A*,-1,1
142,16,8,0.0,124.7399010655154,False,0.11995053275770251,0.23990106551540502,8,False,False,MASAC,grid4_cubes9_astar,A*,-1,1
143,16,9,0.0,124.7399010655154,False,0.11995053275770251,0.23990106551540502,9,True,False,MASAC,grid4_cubes9_astar,A*,-1,1
144,17,1,44.22364504243966,44.22364504243966,True,1.1118225212198287,2.2236450424396574,1,False,False,MASAC,grid4_cubes9_astar,A*,-1,1
145,17,2,0.0,44.22364504243966,False,1.1118225212198287,2.2236450424396574,2,False,False,MASAC,grid4_cubes9_astar,A*,-1,1
146,17,3,0.0,44.22364504243966,True,1.1118225212198287,2.2236450424396574,3,False,False,MASAC,grid4_cubes9_astar,A*,-1,1
147,17,4,39.36791537934968,83.59156042178934,True,1.0457802108946712,2.0915604217893424,4,False,False,MASAC,grid4_cubes9_astar,A*,-1,1
148,17,5,39.452069150750134,123.04362957253947,True,1.0218147862697395,2.043629572539479,5,False,False,MASAC,grid4_cubes9_astar,A*,-1,1
149,17,6,0.0,123.04362957253947,True,1.0218147862697395,2.043629572539479,6,False,False,MASAC,grid4_cubes9_astar,A*,-1,1
150,17,7,0.0,123.04362957253947,False,1.0218147862697395,2.043629572539479,7,False,False,MASAC,grid4_cubes9_astar,A*,-1,1
151,17,8,0.0,123.04362957253947,False,1.0218147862697395,2.043629572539479,8,False,False,MASAC,grid4_cubes9_astar,A*,-1,1
152,18,1,41.41113434964845,41.41113434964845,True,0.20556717482422593,0.41113434964845186,1,False,False,MASAC,grid4_cubes9_astar,A*,-1,1
153,18,2,0.0,41.41113434964845,False,0.20556717482422593,0.41113434964845186,2,False,False,MASAC,grid4_cubes9_astar,A*,-1,1
154,18,3,0.0,41.41113434964845,True,0.20556717482422593,0.41113434964845186,3,False,False,MASAC,grid4_cubes9_astar,A*,-1,1
155,18,4,0.0,41.41113434964845,True,0.20556717482422593,0.41113434964845186,4,False,False,MASAC,grid4_cubes9_astar,A*,-1,1
156,18,5,39.43103204900453,80.84216639865298,True,0.1710831993264914,0.3421663986529828,5,False,False,MASAC,grid4_cubes9_astar,A*,-1,1
157,18,6,44.704122769181225,125.5462891678342,True,0.5231445839171053,1.0462891678342106,6,False,False,MASAC,grid4_cubes9_astar,A*,-1,1
158,18,7,0.0,125.5462891678342,False,0.5231445839171053,1.0462891678342106,7,False,False,MASAC,grid4_cubes9_astar,A*,-1,1
159,18,8,0.0,125.5462891678342,False,0.5231445839171053,1.0462891678342106,8,False,False,MASAC,grid4_cubes9_astar,A*,-1,1
160,18,9,0.0,125.5462891678342,False,0.5231445839171053,1.0462891678342106,9,True,False,MASAC,grid4_cubes9_astar,A*,-1,1
161,19,1,38.933888208285126,38.933888208285126,True,-0.28305589585743895,-0.5661117917148779,1,False,False,MASAC,grid4_cubes9_astar,A*,-1,1
162,19,2,0.0,38.933888208285126,False,-0.28305589585743895,-0.5661117917148779,2,False,False,MASAC,grid4_cubes9_astar,A*,-1,1
163,19,3,44.69220589334199,83.62609410162712,True,0.06304705081355821,0.12609410162711643,3,False,False,MASAC,grid4_cubes9_astar,A*,-1,1
164,19,4,41.38769363099763,125.01378773262475,True,0.2568938663123752,0.5137877326247504,4,False,False,MASAC,grid4_cubes9_astar,A*,-1,1
165,19,5,39.499999987427685,164.51378772005245,True,0.25689386002621906,0.5137877200524381,5,False,False,MASAC,grid4_cubes9_astar,A*,-1,1
166,19,6,0.0,164.51378772005245,True,0.25689386002621906,0.5137877200524381,6,False,False,MASAC,grid4_cubes9_astar,A*,-1,1
167,19,7,0.0,164.51378772005245,False,0.25689386002621906,0.5137877200524381,7,False,False,MASAC,grid4_cubes9_astar,A*,-1,1
168,19,8,0.0,164.51378772005245,False,0.25689386002621906,0.5137877200524381,8,False,False,MASAC,grid4_cubes9_astar,A*,-1,1
169,19,9,0.0,164.51378772005245,False,0.25689386002621906,0.5137877200524381,9,True,False,MASAC,grid4_cubes9_astar,A*,-1,1
170,20,1,39.431428539101574,39.431428539101574,True,-0.03428573044921157,-0.06857146089842314,1,False,False,MASAC,grid4_cubes9_astar,A*,-1,1
171,20,2,0.0,39.431428539101574,False,-0.03428573044921157,-0.06857146089842314,2,False,False,MASAC,grid4_cubes9_astar,A*,-1,1
172,20,3,39.136856307359245,78.56828484646081,True,-0.21585757676958972,-0.43171515353917944,3,False,False,MASAC,grid4_cubes9_astar,A*,-1,1
173,20,4,39.499999987427685,118.0682848338885,True,-0.21585758305574587,-0.43171516611149174,4,False,False,MASAC,grid4_cubes9_astar,A*,-1,1
174,20,5,0.0,118.0682848338885,True,-0.21585758305574587,-0.43171516611149174,5,False,False,MASAC,grid4_cubes9_astar,A*,-1,1
175,20,6,0.0,118.0682848338885,True,-0.21585758305574587,-0.43171516611149174,6,False,False,MASAC,grid4_cubes9_astar,A*,-1,1
176,20,7,0.0,118.0682848338885,False,-0.21585758305574587,-0.43171516611149174,7,False,False,MASAC,grid4_cubes9_astar,A*,-1,1
177,20,8,0.0,118.0682848338885,False,-0.21585758305574587,-0.43171516611149174,8,False,False,MASAC,grid4_cubes9_astar,A*,-1,1
178,20,9,0.0,118.0682848338885,False,-0.21585758305574587,-0.43171516611149174,9,True,False,MASAC,grid4_cubes9_astar,A*,-1,1
179,21,1,44.1758694162571,44.1758694162571,True,1.0879347081285506,2.1758694162571013,1,False,False,MASAC,grid4_cubes9_astar,A*,-1,1
180,21,2,38.92271019162253,83.09857960787963,True,0.7992898039398129,1.5985796078796257,2,False,False,MASAC,grid4_cubes9_astar,A*,-1,1
181,21,3,41.15744041139314,124.25602001927277,True,0.8780100096363838,1.7560200192727675,3,False,False,MASAC,grid4_cubes9_astar,A*,-1,1
182,21,4,0.0,124.25602001927277,True,0.8780100096363838,1.7560200192727675,4,False,False,MASAC,grid4_cubes9_astar,A*,-1,1
183,21,5,0.0,124.25602001927277,True,0.8780100096363838,1.7560200192727675,5,False,False,MASAC,grid4_cubes9_astar,A*,-1,1
184,21,6,0.0,124.25602001927277,False,0.8780100096363838,1.7560200192727675,6,False,False,MASAC,grid4_cubes9_astar,A*,-1,1
185,21,7,0.0,124.25602001927277,False,0.8780100096363838,1.7560200192727675,7,False,False,MASAC,grid4_cubes9_astar,A*,-1,1
186,21,8,0.0,124.25602001927277,False,0.8780100096363838,1.7560200192727675,8,False,False,MASAC,grid4_cubes9_astar,A*,-1,1
187,21,9,0.0,124.25602001927277,False,0.8780100096363838,1.7560200192727675,9,True,False,MASAC,grid4_cubes9_astar,A*,-1,1
188,22,1,29.64074655743049,29.64074655743049,True,0.820373278715244,1.640746557430488,1,False,False,MASAC,grid4_cubes9_astar,A*,-1,1
189,22,2,0.0,29.64074655743049,False,0.820373278715244,1.640746557430488,2,False,False,MASAC,grid4_cubes9_astar,A*,-1,1
190,22,3,41.08172677690217,70.72247333433266,True,0.8612366671663315,1.722473334332663,3,False,False,MASAC,grid4_cubes9_astar,A*,-1,1
191,22,4,0.0,70.72247333433266,True,0.8612366671663315,1.722473334332663,4,False,False,MASAC,grid4_cubes9_astar,A*,-1,1
192,22,5,0.0,70.72247333433266,True,0.8612366671663315,1.722473334332663,5,False,False,MASAC,grid4_cubes9_astar,A*,-1,1
193,22,6,0.0,70.72247333433266,True,0.8612366671663315,1.722473334332663,6,False,False,MASAC,grid4_cubes9_astar,A*,-1,1
194,22,7,0.0,70.72247333433266,False,0.8612366671663315,1.722473334332663,7,False,False,MASAC,grid4_cubes9_astar,A*,-1,1
195,22,8,0.0,70.72247333433266,False,0.8612366671663315,1.722473334332663,8,False,False,MASAC,grid4_cubes9_astar,A*,-1,1
196,22,9,0.0,70.72247333433266,False,0.8612366671663315,1.722473334332663,9,True,False,MASAC,grid4_cubes9_astar,A*,-1,1
197,23,1,44.221636485120015,44.221636485120015,True,1.1108182425600082,2.2216364851200163,1,False,False,MASAC,grid4_cubes9_astar,A*,-1,1
198,23,2,0.0,44.221636485120015,False,1.1108182425600082,2.2216364851200163,2,False,False,MASAC,grid4_cubes9_astar,A*,-1,1
199,23,3,0.0,44.221636485120015,True,1.1108182425600082,2.2216364851200163,3,False,False,MASAC,grid4_cubes9_astar,A*,-1,1
200,23,4,0.0,44.221636485120015,True,1.1108182425600082,2.2216364851200163,4,False,False,MASAC,grid4_cubes9_astar,A*,-1,1
201,23,5,0.0,44.221636485120015,True,1.1108182425600082,2.2216364851200163,5,False,False,MASAC,grid4_cubes9_astar,A*,-1,1
202,23,6,0.0,44.221636485120015,True,1.1108182425600082,2.2216364851200163,6,False,False,MASAC,grid4_cubes9_astar,A*,-1,1
203,23,7,0.0,44.221636485120015,False,1.1108182425600082,2.2216364851200163,7,False,False,MASAC,grid4_cubes9_astar,A*,-1,1
204,23,8,0.0,44.221636485120015,False,1.1108182425600082,2.2216364851200163,8,False,False,MASAC,grid4_cubes9_astar,A*,-1,1
205,23,9,0.0,44.221636485120015,False,1.1108182425600082,2.2216364851200163,9,True,False,MASAC,grid4_cubes9_astar,A*,-1,1
206,24,1,44.766877400223706,44.766877400223706,True,0.3834387001118541,0.7668774002237082,1,False,False,MASAC,grid4_cubes9_astar,A*,-1,1
207,24,2,41.10881959134767,85.87569699157137,True,0.4378484957856894,0.8756969915713788,2,False,False,MASAC,grid4_cubes9_astar,A*,-1,1
208,24,3,41.28835021192262,127.164047203494,True,0.5820236017470003,1.1640472034940006,3,False,False,MASAC,grid4_cubes9_astar,A*,-1,1
209,24,4,0.0,127.164047203494,True,0.5820236017470003,1.1640472034940006,4,False,False,MASAC,grid4_cubes9_astar,A*,-1,1
210,24,5,0.0,127.164047203494,True,0.5820236017470003,1.1640472034940006,5,False,False,MASAC,grid4_cubes9_astar,A*,-1,1
211,24,6,0.0,127.164047203494,False,0.5820236017470003,1.1640472034940006,6,False,False,MASAC,grid4_cubes9_astar,A*,-1,1
212,24,7,0.0,127.164047203494,False,0.5820236017470003,1.1640472034940006,7,False,False,MASAC,grid4_cubes9_astar,A*,-1,1
213,24,8,0.0,127.164047203494,False,0.5820236017470003,1.1640472034940006,8,False,False,MASAC,grid4_cubes9_astar,A*,-1,1
214,24,9,0.0,127.164047203494,False,0.5820236017470003,1.1640472034940006,9,True,False,MASAC,grid4_cubes9_astar,A*,-1,1
215,25,1,44.5532571783268,44.5532571783268,True,1.2766285891634017,2.5532571783268034,1,False,False,MASAC,grid4_cubes9_astar,A*,-1,1
216,25,2,0.0,44.5532571783268,False,1.2766285891634017,2.5532571783268034,2,False,False,MASAC,grid4_cubes9_astar,A*,-1,1
217,25,3,0.0,44.5532571783268,True,1.2766285891634017,2.5532571783268034,3,False,False,MASAC,grid4_cubes9_astar,A*,-1,1
218,25,4,0.0,44.5532571783268,True,1.2766285891634017,2.5532571783268034,4,False,False,MASAC,grid4_cubes9_astar,A*,-1,1
219,25,5,0.0,44.5532571783268,True,1.2766285891634017,2.5532571783268034,5,False,False,MASAC,grid4_cubes9_astar,A*,-1,1
220,25,6,39.499999987427685,84.05325716575449,True,1.2766285828772457,2.5532571657544914,6,False,False,MASAC,grid4_cubes9_astar,A*,-1,1
221,25,7,0.0,84.05325716575449,False,1.2766285828772457,2.5532571657544914,7,False,False,MASAC,grid4_cubes9_astar,A*,-1,1
222,25,8,0.0,84.05325716575449,False,1.2766285828772457,2.5532571657544914,8,False,False,MASAC,grid4_cubes9_astar,A*,-1,1
223,25,9,0.0,84.05325716575449,False,1.2766285828772457,2.5532571657544914,9,True,False,MASAC,grid4_cubes9_astar,A*,-1,1
224,26,1,40.9965219011509,40.9965219011509,True,0.9982609505754502,1.9965219011509003,1,False,False,MASAC,grid4_cubes9_astar,A*,-1,1
225,26,2,39.36791537934968,80.36443728050058,True,0.9322186402502926,1.864437280500585,2,False,False,MASAC,grid4_cubes9_astar,A*,-1,1
226,26,3,0.0,80.36443728050058,True,0.9322186402502926,1.864437280500585,3,False,False,MASAC,grid4_cubes9_astar,A*,-1,1
227,26,4,39.483478414360974,119.84791569486156,True,0.9239578474307807,1.8479156948615614,4,False,False,MASAC,grid4_cubes9_astar,A*,-1,1
228,26,5,39.499999987427685,159.34791568228923,True,0.9239578411446245,1.847915682289249,5,False,False,MASAC,grid4_cubes9_astar,A*,-1,1
229,26,6,0.0,159.34791568228923,False,0.9239578411446245,1.847915682289249,6,False,False,MASAC,grid4_cubes9_astar,A*,-1,1
230,26,7,0.0,159.34791568228923,False,0.9239578411446245,1.847915682289249,7,False,False,MASAC,grid4_cubes9_astar,A*,-1,1
231,26,8,0.0,159.34791568228923,False,0.9239578411446245,1.847915682289249,8,False,False,MASAC,grid4_cubes9_astar,A*,-1,1
232,26,9,0.0,159.34791568228923,False,0.9239578411446245,1.847915682289249,9,True,False,MASAC,grid4_cubes9_astar,A*,-1,1
233,27,1,44.532005976697164,44.532005976697164,True,1.2660029883485824,2.5320059766971648,1,False,False,MASAC,grid4_cubes9_astar,A*,-1,1
234,27,2,0.0,44.532005976697164,False,1.2660029883485824,2.5320059766971648,2,False,False,MASAC,grid4_cubes9_astar,A*,-1,1
235,27,3,39.36791537934968,83.89992135604685,True,1.1999606780234249,2.3999213560468498,3,False,False,MASAC,grid4_cubes9_astar,A*,-1,1
236,27,4,0.0,83.89992135604685,True,1.1999606780234249,2.3999213560468498,4,False,False,MASAC,grid4_cubes9_astar,A*,-1,1
237,27,5,0.0,83.89992135604685,True,1.1999606780234249,2.3999213560468498,5,False,False,MASAC,grid4_cubes9_astar,A*,-1,1
238,27,6,41.2670029276056,125.16692428365245,True,1.3334621418262276,2.666924283652455,6,False,False,MASAC,grid4_cubes9_astar,A*,-1,1
239,27,7,0.0,125.16692428365245,False,1.3334621418262276,2.666924283652455,7,False,False,MASAC,grid4_cubes9_astar,A*,-1,1
240,27,8,0.0,125.16692428365245,False,1.3334621418262276,2.666924283652455,8,False,False,MASAC,grid4_cubes9_astar,A*,-1,1
241,27,9,0.0,125.16692428365245,False,1.3334621418262276,2.666924283652455,9,True,False,MASAC,grid4_cubes9_astar,A*,-1,1
242,28,1,39.360474489699726,39.360474489699726,True,-0.06976275515013697,-0.13952551030027394,1,False,False,MASAC,grid4_cubes9_astar,A*,-1,1
243,28,2,0.0,39.360474489699726,False,-0.06976275515013697,-0.13952551030027394,2,False,False,MASAC,grid4_cubes9_astar,A*,-1,1
244,28,3,0.0,39.360474489699726,True,-0.06976275515013697,-0.13952551030027394,3,False,False,MASAC,grid4_cubes9_astar,A*,-1,1
245,28,4,0.0,39.360474489699726,True,-0.06976275515013697,-0.13952551030027394,4,False,False,MASAC,grid4_cubes9_astar,A*,-1,1
246,28,5,0.0,39.360474489699726,True,-0.06976275515013697,-0.13952551030027394,5,False,False,MASAC,grid4_cubes9_astar,A*,-1,1
247,28,6,41.12247263127992,80.48294712097965,True,-0.008526439510176176,-0.01705287902035235,6,False,False,MASAC,grid4_cubes9_astar,A*,-1,1
248,28,7,0.0,80.48294712097965,False,-0.008526439510176176,-0.01705287902035235,7,False,False,MASAC,grid4_cubes9_astar,A*,-1,1
249,28,8,0.0,80.48294712097965,False,-0.008526439510176176,-0.01705287902035235,8,False,False,MASAC,grid4_cubes9_astar,A*,-1,1
250,28,9,0.0,80.48294712097965,False,-0.008526439510176176,-0.01705287902035235,9,True,False,MASAC,grid4_cubes9_astar,A*,-1,1
251,29,1,19.380242692772843,19.380242692772843,True,-0.05987865361357925,-0.1197573072271585,1,False,False,MASAC,grid4_cubes9_astar,A*,-1,1
252,29,2,41.1251321905298,60.505374883302636,True,0.00268744165132051,0.00537488330264102,2,False,False,MASAC,grid4_cubes9_astar,A*,-1,1
253,29,3,0.0,60.505374883302636,True,0.00268744165132051,0.00537488330264102,3,False,False,MASAC,grid4_cubes9_astar,A*,-1,1
254,29,4,39.499999987427685,100.00537487073032,True,0.002687435365164359,0.005374870730328718,4,False,False,MASAC,grid4_cubes9_astar,A*,-1,1
255,29,5,0.0,100.00537487073032,True,0.002687435365164359,0.005374870730328718,5,False,False,MASAC,grid4_cubes9_astar,A*,-1,1
256,29,6,0.0,100.00537487073032,False,0.002687435365164359,0.005374870730328718,6,False,False,MASAC,grid4_cubes9_astar,A*,-1,1
257,29,7,0.0,100.00537487073032,False,0.002687435365164359,0.005374870730328718,7,False,False,MASAC,grid4_cubes9_astar,A*,-1,1
258,29,8,0.0,100.00537487073032,False,0.002687435365164359,0.005374870730328718,8,False,False,MASAC,grid4_cubes9_astar,A*,-1,1
259,30,1,37.63466305639382,37.63466305639382,True,0.8173315281969101,1.6346630563938203,1,False,False,MASAC,grid4_cubes9_astar,A*,-1,1
260,30,2,0.0,37.63466305639382,False,0.8173315281969101,1.6346630563938203,2,False,False,MASAC,grid4_cubes9_astar,A*,-1,1
261,30,3,41.08145164186189,78.71611469825571,True,0.858057349127856,1.716114698255712,3,False,False,MASAC,grid4_cubes9_astar,A*,-1,1
262,30,4,39.499999987427685,118.2161146856834,True,0.8580573428416999,1.7161146856833998,4,False,False,MASAC,grid4_cubes9_astar,A*,-1,1
263,30,5,0.0,118.2161146856834,True,0.8580573428416999,1.7161146856833998,5,False,False,MASAC,grid4_cubes9_astar,A*,-1,1
264,30,6,39.42824267083833,157.6443573565217,True,0.822178678260866,1.644357356521732,6,False,False,MASAC,grid4_cubes9_astar,A*,-1,1
265,30,7,0.0,157.6443573565217,False,0.822178678260866,1.644357356521732,7,False,False,MASAC,grid4_cubes9_astar,A*,-1,1
266,30,8,0.0,157.6443573565217,False,0.822178678260866,1.644357356521732,8,False,False,MASAC,grid4_cubes9_astar,A*,-1,1
267,30,9,0.0,157.6443573565217,False,0.822178678260866,1.644357356521732,9,True,False,MASAC,grid4_cubes9_astar,A*,-1,1
268,31,1,29.753625237659676,29.753625237659676,True,0.8768126188298375,1.753625237659675,1,False,False,MASAC,grid4_cubes9_astar,A*,-1,1
269,31,2,41.37148283654878,71.12510807420846,True,1.0625540371042281,2.1251080742084563,2,False,False,MASAC,grid4_cubes9_astar,A*,-1,1
270,31,3,0.0,71.12510807420846,True,1.0625540371042281,2.1251080742084563,3,False,False,MASAC,grid4_cubes9_astar,A*,-1,1
271,31,4,0.0,71.12510807420846,True,1.0625540371042281,2.1251080742084563,4,False,False,MASAC,grid4_cubes9_astar,A*,-1,1
272,31,5,0.0,71.12510807420846,True,1.0625540371042281,2.1251080742084563,5,False,False,MASAC,grid4_cubes9_astar,A*,-1,1
273,31,6,0.0,71.12510807420846,False,1.0625540371042281,2.1251080742084563,6,False,False,MASAC,grid4_cubes9_astar,A*,-1,1
274,31,7,0.0,71.12510807420846,False,1.0625540371042281,2.1251080742084563,7,False,False,MASAC,grid4_cubes9_astar,A*,-1,1
275,31,8,0.0,71.12510807420846,False,1.0625540371042281,2.1251080742084563,8,False,False,MASAC,grid4_cubes9_astar,A*,-1,1
276,31,9,0.0,71.12510807420846,False,1.0625540371042281,2.1251080742084563,9,True,False,MASAC,grid4_cubes9_astar,A*,-1,1
277,32,1,29.676747047619088,29.676747047619088,True,0.8383735238095433,1.6767470476190867,1,False,False,MASAC,grid4_cubes9_astar,A*,-1,1
278,32,2,0.0,29.676747047619088,False,0.8383735238095433,1.6767470476190867,2,False,False,MASAC,grid4_cubes9_astar,A*,-1,1
279,32,3,0.0,29.676747047619088,True,0.8383735238095433,1.6767470476190867,3,False,False,MASAC,grid4_cubes9_astar,A*,-1,1
280,32,4,41.40042422944734,71.07717127706643,True,1.0385856385332137,2.0771712770664275,4,False,False,MASAC,grid4_cubes9_astar,A*,-1,1
281,32,5,0.0,71.07717127706643,True,1.0385856385332137,2.0771712770664275,5,False,False,MASAC,grid4_cubes9_astar,A*,-1,1
282,32,6,0.0,71.07717127706643,True,1.0385856385332137,2.0771712770664275,6,False,False,MASAC,grid4_cubes9_astar,A*,-1,1
283,32,7,0.0,71.07717127706643,False,1.0385856385332137,2.0771712770664275,7,False,False,MASAC,grid4_cubes9_astar,A*,-1,1
284,32,8,0.0,71.07717127706643,False,1.0385856385332137,2.0771712770664275,8,False,False,MASAC,grid4_cubes9_astar,A*,-1,1
285,32,9,0.0,71.07717127706643,False,1.0385856385332137,2.0771712770664275,9,True,False,MASAC,grid4_cubes9_astar,A*,-1,1
286,33,1,41.12945626908967,41.12945626908967,True,0.0647281345448375,0.129456269089675,1,False,False,MASAC,grid4_cubes9_astar,A*,-1,1
287,33,2,0.0,41.12945626908967,False,0.0647281345448375,0.129456269089675,2,False,False,MASAC,grid4_cubes9_astar,A*,-1,1
288,33,3,39.499999987427685,80.62945625651736,True,0.06472812825868135,0.1294562565173627,3,False,False,MASAC,grid4_cubes9_astar,A*,-1,1
289,33,4,0.0,80.62945625651736,True,0.06472812825868135,0.1294562565173627,4,False,False,MASAC,grid4_cubes9_astar,A*,-1,1
290,33,5,38.355643381448296,118.98509963796565,True,-0.5074501810171717,-1.0149003620343433,5,False,False,MASAC,grid4_cubes9_astar,A*,-1,1
291,33,6,0.0,118.98509963796565,True,-0.5074501810171717,-1.0149003620343433,6,False,False,MASAC,grid4_cubes9_astar,A*,-1,1
292,33,7,0.0,118.98509963796565,False,-0.5074501810171717,-1.0149003620343433,7,False,False,MASAC,grid4_cubes9_astar,A*,-1,1
293,33,8,0.0,118.98509963796565,False,-0.5074501810171717,-1.0149003620343433,8,False,False,MASAC,grid4_cubes9_astar,A*,-1,1
294,33,9,0.0,118.98509963796565,False,-0.5074501810171717,-1.0149003620343433,9,True,False,MASAC,grid4_cubes9_astar,A*,-1,1
295,34,1,44.52389402296181,44.52389402296181,True,1.2619470114809066,2.523894022961813,1,False,False,MASAC,grid4_cubes9_astar,A*,-1,1
296,34,2,39.36791537934968,83.8918094023115,True,1.195904701155749,2.391809402311498,2,False,False,MASAC,grid4_cubes9_astar,A*,-1,1
297,34,3,41.38099585706422,125.27280525937572,True,1.3864026296878609,2.7728052593757218,3,False,False,MASAC,grid4_cubes9_astar,A*,-1,1
298,34,4,0.0,125.27280525937572,True,1.3864026296878609,2.7728052593757218,4,False,False,MASAC,grid4_cubes9_astar,A*,-1,1
299,34,5,0.0,125.27280525937572,True,1.3864026296878609,2.7728052593757218,5,False,False,MASAC,grid4_cubes9_astar,A*,-1,1
300,34,6,0.0,125.27280525937572,False,1.3864026296878609,2.7728052593757218,6,False,False,MASAC,grid4_cubes9_astar,A*,-1,1
301,34,7,0.0,125.27280525937572,False,1.3864026296878609,2.7728052593757218,7,False,False,MASAC,grid4_cubes9_astar,A*,-1,1
302,34,8,0.0,125.27280525937572,False,1.3864026296878609,2.7728052593757218,8,False,False,MASAC,grid4_cubes9_astar,A*,-1,1
303,34,9,0.0,125.27280525937572,False,1.3864026296878609,2.7728052593757218,9,True,False,MASAC,grid4_cubes9_astar,A*,-1,1
304,35,1,39.40504370862672,39.40504370862672,True,-0.04747814568663833,-0.09495629137327666,1,False,False,MASAC,grid4_cubes9_astar,A*,-1,1
305,35,2,0.0,39.40504370862672,False,-0.04747814568663833,-0.09495629137327666,2,False,False,MASAC,grid4_cubes9_astar,A*,-1,1
306,35,3,0.0,39.40504370862672,True,-0.04747814568663833,-0.09495629137327666,3,False,False,MASAC,grid4_cubes9_astar,A*,-1,1
307,35,4,0.0,39.40504370862672,True,-0.04747814568663833,-0.09495629137327666,4,False,False,MASAC,grid4_cubes9_astar,A*,-1,1
308,35,5,39.42354022199342,78.82858393062014,True,-0.08570803468992705,-0.1714160693798541,5,False,False,MASAC,grid4_cubes9_astar,A*,-1,1
309,35,6,39.499999987427685,118.32858391804783,True,-0.0857080409760832,-0.1714160819521664,6,False,False,MASAC,grid4_cubes9_astar,A*,-1,1
310,35,7,0.0,118.32858391804783,False,-0.0857080409760832,-0.1714160819521664,7,False,False,MASAC,grid4_cubes9_astar,A*,-1,1
311,35,8,0.0,118.32858391804783,False,-0.0857080409760832,-0.1714160819521664,8,False,False,MASAC,grid4_cubes9_astar,A*,-1,1
312,35,9,0.0,118.32858391804783,False,-0.0857080409760832,-0.1714160819521664,9,True,False,MASAC,grid4_cubes9_astar,A*,-1,1
313,36,1,44.871574389283154,44.871574389283154,True,0.4357871946415782,0.8715743892831564,1,False,False,MASAC,grid4_cubes9_astar,A*,-1,1
314,36,2,0.0,44.871574389283154,False,0.4357871946415782,0.8715743892831564,2,False,False,MASAC,grid4_cubes9_astar,A*,-1,1
315,36,3,0.0,44.871574389283154,True,0.4357871946415782,0.8715743892831564,3,False,False,MASAC,grid4_cubes9_astar,A*,-1,1
316,36,4,41.27114163572023,86.14271602500338,True,0.5713580125016928,1.1427160250033856,4,False,False,MASAC,grid4_cubes9_astar,A*,-1,1
317,36,5,39.499999987427685,125.64271601243107,True,0.5713580062155367,1.1427160124310733,5,False,False,MASAC,grid4_cubes9_astar,A*,-1,1
318,36,6,0.0,125.64271601243107,True,0.5713580062155367,1.1427160124310733,6,False,False,MASAC,grid4_cubes9_astar,A*,-1,1
319,36,7,0.0,125.64271601243107,False,0.5713580062155367,1.1427160124310733,7,False,False,MASAC,grid4_cubes9_astar,A*,-1,1
320,36,8,0.0,125.64271601243107,False,0.5713580062155367,1.1427160124310733,8,False,False,MASAC,grid4_cubes9_astar,A*,-1,1
321,37,1,44.49276633169289,44.49276633169289,True,1.2463831658464462,2.4927663316928923,1,False,False,MASAC,grid4_cubes9_astar,A*,-1,1
322,37,2,39.36791537934968,83.86068171104257,True,1.1803408555212886,2.3606817110425773,2,False,False,MASAC,grid4_cubes9_astar,A*,-1,1
323,37,3,39.452069150750134,123.31275086179271,True,1.156375430896357,2.312750861792714,3,False,False,MASAC,grid4_cubes9_astar,A*,-1,1
324,37,4,0.0,123.31275086179271,True,1.156375430896357,2.312750861792714,4,False,False,MASAC,grid4_cubes9_astar,A*,-1,1
325,37,5,41.135771381203625,164.44852224299632,True,1.224261121498171,2.448522242996342,5,False,False,MASAC,grid4_cubes9_astar,A*,-1,1
326,37,6,0.0,164.44852224299632,False,1.224261121498171,2.448522242996342,6,False,False,MASAC,grid4_cubes9_astar,A*,-1,1
327,37,7,0.0,164.44852224299632,False,1.224261121498171,2.448522242996342,7,False,False,MASAC,grid4_cubes9_astar,A*,-1,1
328,37,8,0.0,164.44852224299632,False,1.224261121498171,2.448522242996342,8,False,False,MASAC,grid4_cubes9_astar,A*,-1,1
329,37,9,0.0,164.44852224299632,False,1.224261121498171,2.448522242996342,9,True,False,MASAC,grid4_cubes9_astar,A*,-1,1
330,38,1,58.89689751466092,58.89689751466092,True,1.4484487573304607,2.8968975146609215,1,False,False,MASAC,grid4_cubes9_astar,A*,-1,1
331,38,2,39.499999987427685,98.3968975020886,True,1.4484487510443045,2.896897502088609,2,False,False,MASAC,grid4_cubes9_astar,A*,-1,1
332,38,3,39.452069150750134,137.84896665283873,True,1.4244833264193728,2.8489666528387456,3,False,False,MASAC,grid4_cubes9_astar,A*,-1,1
333,38,4,39.45638226205537,177.3053489148941,True,1.4026744574470595,2.805348914894119,4,False,False,MASAC,grid4_cubes9_astar,A*,-1,1
334,38,5,39.499999987427685,216.80534890232178,True,1.4026744511609035,2.805348902321807,5,False,False,MASAC,grid4_cubes9_astar,A*,-1,1
335,38,6,0.0,216.80534890232178,False,1.4026744511609035,2.805348902321807,6,False,False,MASAC,grid4_cubes9_astar,A*,-1,1
336,38,7,0.0,216.80534890232178,False,1.4026744511609035,2.805348902321807,7,False,False,MASAC,grid4_cubes9_astar,A*,-1,1
337,38,8,0.0,216.80534890232178,False,1.4026744511609035,2.805348902321807,8,False,False,MASAC,grid4_cubes9_astar,A*,-1,1
338,38,9,0.0,216.80534890232178,False,1.4026744511609035,2.805348902321807,9,True,False,MASAC,grid4_cubes9_astar,A*,-1,1
339,39,1,44.22279150392647,44.22279150392647,True,1.111395751963237,2.222791503926474,1,False,False,MASAC,grid4_cubes9_astar,A*,-1,1
340,39,2,0.0,44.22279150392647,False,1.111395751963237,2.222791503926474,2,False,False,MASAC,grid4_cubes9_astar,A*,-1,1
341,39,3,0.0,44.22279150392647,True,1.111395751963237,2.222791503926474,3,False,False,MASAC,grid4_cubes9_astar,A*,-1,1
342,39,4,0.0,44.22279150392647,True,1.111395751963237,2.222791503926474,4,False,False,MASAC,grid4_cubes9_astar,A*,-1,1
343,39,5,0.0,44.22279150392647,True,1.111395751963237,2.222791503926474,5,False,False,MASAC,grid4_cubes9_astar,A*,-1,1
344,39,6,39.34512963153017,83.56792113545664,True,1.0339605677283221,2.0679211354566442,6,False,False,MASAC,grid4_cubes9_astar,A*,-1,1
345,39,7,0.0,83.56792113545664,False,1.0339605677283221,2.0679211354566442,7,False,False,MASAC,grid4_cubes9_astar,A*,-1,1
346,39,8,0.0,83.56792113545664,False,1.0339605677283221,2.0679211354566442,8,False,False,MASAC,grid4_cubes9_astar,A*,-1,1
347,39,9,0.0,83.56792113545664,False,1.0339605677283221,2.0679211354566442,9,True,False,MASAC,grid4_cubes9_astar,A*,-1,1
348,40,1,39.15383790907433,39.15383790907433,True,-0.1730810454628342,-0.3461620909256684,1,False,False,MASAC,grid4_cubes9_astar,A*,-1,1
349,40,2,0.0,39.15383790907433,False,-0.1730810454628342,-0.3461620909256684,2,False,False,MASAC,grid4_cubes9_astar,A*,-1,1
350,40,3,0.0,39.15383790907433,True,-0.1730810454628342,-0.3461620909256684,3,False,False,MASAC,grid4_cubes9_astar,A*,-1,1
351,40,4,41.120528804604504,80.27436671367883,True,-0.11281664316058093,-0.22563328632116186,4,False,False,MASAC,grid4_cubes9_astar,A*,-1,1
352,40,5,0.0,80.27436671367883,True,-0.11281664316058093,-0.22563328632116186,5,False,False,MASAC,grid4_cubes9_astar,A*,-1,1
353,40,6,39.479481446091626,119.75384815977046,True,-0.12307592011476687,-0.24615184022953374,6,False,False,MASAC,grid4_cubes9_astar,A*,-1,1
354,40,7,0.0,119.75384815977046,False,-0.12307592011476687,-0.24615184022953374,7,False,False,MASAC,grid4_cubes9_astar,A*,-1,1
355,40,8,0.0,119.75384815977046,False,-0.12307592011476687,-0.24615184022953374,8,False,False,MASAC,grid4_cubes9_astar,A*,-1,1
356,40,9,0.0,119.75384815977046,False,-0.12307592011476687,-0.24615184022953374,9,True,False,MASAC,grid4_cubes9_astar,A*,-1,1
357,41,1,41.139778243844006,41.139778243844006,True,0.06988912192200425,0.1397782438440085,1,False,False,MASAC,grid4_cubes9_astar,A*,-1,1
358,41,2,0.0,41.139778243844006,False,0.06988912192200425,0.1397782438440085,2,False,False,MASAC,grid4_cubes9_astar,A*,-1,1
359,41,3,0.0,41.139778243844006,True,0.06988912192200425,0.1397782438440085,3,False,False,MASAC,grid4_cubes9_astar,A*,-1,1
360,41,4,0.0,41.139778243844006,True,0.06988912192200425,0.1397782438440085,4,False,False,MASAC,grid4_cubes9_astar,A*,-1,1
361,41,5,44.77333019906709,85.9131084429111,True,0.45655422145555025,0.9131084429111005,5,False,False,MASAC,grid4_cubes9_astar,A*,-1,1
362,41,6,0.0,85.9131084429111,True,0.45655422145555025,0.9131084429111005,6,False,False,MASAC,grid4_cubes9_astar,A*,-1,1
363,41,7,0.0,85.9131084429111,False,0.45655422145555025,0.9131084429111005,7,False,False,MASAC,grid4_cubes9_astar,A*,-1,1
364,41,8,0.0,85.9131084429111,False,0.45655422145555025,0.9131084429111005,8,False,False,MASAC,grid4_cubes9_astar,A*,-1,1
365,41,9,0.0,85.9131084429111,False,0.45655422145555025,0.9131084429111005,9,True,False,MASAC,grid4_cubes9_astar,A*,-1,1
366,42,1,44.42777485754128,44.42777485754128,True,1.2138874287706405,2.427774857541281,1,False,False,MASAC,grid4_cubes9_astar,A*,-1,1
367,42,2,0.0,44.42777485754128,False,1.2138874287706405,2.427774857541281,2,False,False,MASAC,grid4_cubes9_astar,A*,-1,1
368,42,3,39.499999987427685,83.92777484496897,True,1.2138874224844844,2.427774844968969,3,False,False,MASAC,grid4_cubes9_astar,A*,-1,1
369,42,4,0.0,83.92777484496897,True,1.2138874224844844,2.427774844968969,4,False,False,MASAC,grid4_cubes9_astar,A*,-1,1
370,42,5,39.45425699884126,123.38203184381022,True,1.1910159219051155,2.382031843810231,5,False,False,MASAC,grid4_cubes9_astar,A*,-1,1
371,42,6,0.0,123.38203184381022,True,1.1910159219051155,2.382031843810231,6,False,False,MASAC,grid4_cubes9_astar,A*,-1,1
372,42,7,0.0,123.38203184381022,False,1.1910159219051155,2.382031843810231,7,False,False,MASAC,grid4_cubes9_astar,A*,-1,1
373,42,8,0.0,123.38203184381022,False,1.1910159219051155,2.382031843810231,8,False,False,MASAC,grid4_cubes9_astar,A*,-1,1
374,42,9,0.0,123.38203184381022,False,1.1910159219051155,2.382031843810231,9,True,False,MASAC,grid4_cubes9_astar,A*,-1,1
375,43,1,41.40489255124757,41.40489255124757,True,0.20244627562378648,0.40489255124757295,1,False,False,MASAC,grid4_cubes9_astar,A*,-1,1
376,43,2,41.10787664586732,82.51276919711489,True,0.25638459855744844,0.5127691971148969,2,False,False,MASAC,grid4_cubes9_astar,A*,-1,1
377,43,3,0.0,82.51276919711489,True,0.25638459855744844,0.5127691971148969,3,False,False,MASAC,grid4_cubes9_astar,A*,-1,1
378,43,4,39.499999987427685,122.01276918454258,True,0.2563845922712923,0.5127691845425846,4,False,False,MASAC,grid4_cubes9_astar,A*,-1,1
379,43,5,44.76324080163667,166.77600998617925,True,0.6380049930896283,1.2760099861792567,5,False,False,MASAC,grid4_cubes9_astar,A*,-1,1
380,43,6,0.0,166.77600998617925,False,0.6380049930896283,1.2760099861792567,6,False,False,MASAC,grid4_cubes9_astar,A*,-1,1
381,43,7,0.0,166.77600998617925,False,0.6380049930896283,1.2760099861792567,7,False,False,MASAC,grid4_cubes9_astar,A*,-1,1
382,43,8,0.0,166.77600998617925,False,0.6380049930896283,1.2760099861792567,8,False,False,MASAC,grid4_cubes9_astar,A*,-1,1
383,44,1,44.68299316102693,44.68299316102693,True,0.34149658051346543,0.6829931610269309,1,False,False,MASAC,grid4_cubes9_astar,A*,-1,1
384,44,2,39.499999987427685,84.18299314845461,True,0.3414965742273093,0.6829931484546186,2,False,False,MASAC,grid4_cubes9_astar,A*,-1,1
385,44,3,0.0,84.18299314845461,True,0.3414965742273093,0.6829931484546186,3,False,False,MASAC,grid4_cubes9_astar,A*,-1,1
386,44,4,0.0,84.18299314845461,True,0.3414965742273093,0.6829931484546186,4,False,False,MASAC,grid4_cubes9_astar,A*,-1,1
387,44,5,0.0,84.18299314845461,True,0.3414965742273093,0.6829931484546186,5,False,False,MASAC,grid4_cubes9_astar,A*,-1,1
388,44,6,0.0,84.18299314845461,False,0.3414965742273093,0.6829931484546186,6,False,False,MASAC,grid4_cubes9_astar,A*,-1,1
389,44,7,0.0,84.18299314845461,False,0.3414965742273093,0.6829931484546186,7,False,False,MASAC,grid4_cubes9_astar,A*,-1,1
390,44,8,0.0,84.18299314845461,False,0.3414965742273093,0.6829931484546186,8,False,False,MASAC,grid4_cubes9_astar,A*,-1,1
391,44,9,0.0,84.18299314845461,False,0.3414965742273093,0.6829931484546186,9,True,False,MASAC,grid4_cubes9_astar,A*,-1,1
392,45,1,44.46573610212441,44.46573610212441,True,1.2328680510622054,2.465736102124411,1,False,False,MASAC,grid4_cubes9_astar,A*,-1,1
393,45,2,39.42664195241049,83.8923780545349,True,1.1961890272674496,2.392378054534899,2,False,False,MASAC,grid4_cubes9_astar,A*,-1,1
394,45,3,0.0,83.8923780545349,True,1.1961890272674496,2.392378054534899,3,False,False,MASAC,grid4_cubes9_astar,A*,-1,1
395,45,4,0.0,83.8923780545349,True,1.1961890272674496,2.392378054534899,4,False,False,MASAC,grid4_cubes9_astar,A*,-1,1
396,45,5,0.0,83.8923780545349,True,1.1961890272674496,2.392378054534899,5,False,False,MASAC,grid4_cubes9_astar,A*,-1,1
397,45,6,0.0,83.8923780545349,False,1.1961890272674496,2.392378054534899,6,False,False,MASAC,grid4_cubes9_astar,A*,-1,1
398,45,7,0.0,83.8923780545349,False,1.1961890272674496,2.392378054534899,7,False,False,MASAC,grid4_cubes9_astar,A*,-1,1
399,45,8,0.0,83.8923780545349,False,1.1961890272674496,2.392378054534899,8,False,False,MASAC,grid4_cubes9_astar,A*,-1,1
400,45,9,0.0,83.8923780545349,False,1.1961890272674496,2.392378054534899,9,True,False,MASAC,grid4_cubes9_astar,A*,-1,1
401,46,1,44.32799882795449,44.32799882795449,True,1.1639994139772445,2.327998827954489,1,False,False,MASAC,grid4_cubes9_astar,A*,-1,1
402,46,2,39.419083344284985,83.74708217223947,True,1.1235410861197384,2.2470821722394767,2,False,False,MASAC,grid4_cubes9_astar,A*,-1,1
403,46,3,0.0,83.74708217223947,True,1.1235410861197384,2.2470821722394767,3,False,False,MASAC,grid4_cubes9_astar,A*,-1,1
404,46,4,0.0,83.74708217223947,True,1.1235410861197384,2.2470821722394767,4,False,False,MASAC,grid4_cubes9_astar,A*,-1,1
405,46,5,0.0,83.74708217223947,True,1.1235410861197384,2.2470821722394767,5,False,False,MASAC,grid4_cubes9_astar,A*,-1,1
406,46,6,0.0,83.74708217223947,False,1.1235410861197384,2.2470821722394767,6,False,False,MASAC,grid4_cubes9_astar,A*,-1,1
407,46,7,0.0,83.74708217223947,False,1.1235410861197384,2.2470821722394767,7,False,False,MASAC,grid4_cubes9_astar,A*,-1,1
408,46,8,0.0,83.74708217223947,False,1.1235410861197384,2.2470821722394767,8,False,False,MASAC,grid4_cubes9_astar,A*,-1,1
409,46,9,0.0,83.74708217223947,False,1.1235410861197384,2.2470821722394767,9,True,False,MASAC,grid4_cubes9_astar,A*,-1,1
410,47,1,29.6487848398249,29.6487848398249,True,0.8243924199124486,1.6487848398248972,1,False,False,MASAC,grid4_cubes9_astar,A*,-1,1
411,47,2,41.112792956177685,70.76157779600258,True,0.8807888980012925,1.761577796002585,2,False,False,MASAC,grid4_cubes9_astar,A*,-1,1
412,47,3,39.499999987427685,110.26157778343027,True,0.8807888917151363,1.7615777834302726,3,False,False,MASAC,grid4_cubes9_astar,A*,-1,1
413,47,4,0.0,110.26157778343027,True,0.8807888917151363,1.7615777834302726,4,False,False,MASAC,grid4_cubes9_astar,A*,-1,1
414,47,5,0.0,110.26157778343027,True,0.8807888917151363,1.7615777834302726,5,False,False,MASAC,grid4_cubes9_astar,A*,-1,1
415,47,6,0.0,110.26157778343027,False,0.8807888917151363,1.7615777834302726,6,False,False,MASAC,grid4_cubes9_astar,A*,-1,1
416,47,7,0.0,110.26157778343027,False,0.8807888917151363,1.7615777834302726,7,False,False,MASAC,grid4_cubes9_astar,A*,-1,1
417,47,8,0.0,110.26157778343027,False,0.8807888917151363,1.7615777834302726,8,False,False,MASAC,grid4_cubes9_astar,A*,-1,1
418,47,9,0.0,110.26157778343027,False,0.8807888917151363,1.7615777834302726,9,True,False,MASAC,grid4_cubes9_astar,A*,-1,1
419,48,1,44.489668797513204,44.489668797513204,True,1.2448343987566024,2.489668797513205,1,False,False,MASAC,grid4_cubes9_astar,A*,-1,1
420,48,2,0.0,44.489668797513204,False,1.2448343987566024,2.489668797513205,2,False,False,MASAC,grid4_cubes9_astar,A*,-1,1
421,48,3,0.0,44.489668797513204,True,1.2448343987566024,2.489668797513205,3,False,False,MASAC,grid4_cubes9_astar,A*,-1,1
422,48,4,0.0,44.489668797513204,True,1.2448343987566024,2.489668797513205,4,False,False,MASAC,grid4_cubes9_astar,A*,-1,1
423,48,5,0.0,44.489668797513204,True,1.2448343987566024,2.489668797513205,5,False,False,MASAC,grid4_cubes9_astar,A*,-1,1
424,48,6,0.0,44.489668797513204,True,1.2448343987566024,2.489668797513205,6,False,False,MASAC,grid4_cubes9_astar,A*,-1,1
425,48,7,0.0,44.489668797513204,False,1.2448343987566024,2.489668797513205,7,False,False,MASAC,grid4_cubes9_astar,A*,-1,1
426,48,8,0.0,44.489668797513204,False,1.2448343987566024,2.489668797513205,8,False,False,MASAC,grid4_cubes9_astar,A*,-1,1
427,48,9,0.0,44.489668797513204,False,1.2448343987566024,2.489668797513205,9,True,False,MASAC,grid4_cubes9_astar,A*,-1,1
428,49,1,29.53604146213935,29.53604146213935,True,0.7680207310696752,1.5360414621393503,1,False,False,MASAC,grid4_cubes9_astar,A*,-1,1
429,49,2,0.0,29.53604146213935,False,0.7680207310696752,1.5360414621393503,2,False,False,MASAC,grid4_cubes9_astar,A*,-1,1
430,49,3,0.0,29.53604146213935,True,0.7680207310696752,1.5360414621393503,3,False,False,MASAC,grid4_cubes9_astar,A*,-1,1
431,49,4,0.0,29.53604146213935,True,0.7680207310696752,1.5360414621393503,4,False,False,MASAC,grid4_cubes9_astar,A*,-1,1
432,49,5,0.0,29.53604146213935,True,0.7680207310696752,1.5360414621393503,5,False,False,MASAC,grid4_cubes9_astar,A*,-1,1
433,49,6,0.0,29.53604146213935,True,0.7680207310696752,1.5360414621393503,6,False,False,MASAC,grid4_cubes9_astar,A*,-1,1
434,49,7,0.0,29.53604146213935,False,0.7680207310696752,1.5360414621393503,7,False,False,MASAC,grid4_cubes9_astar,A*,-1,1
435,49,8,0.0,29.53604146213935,False,0.7680207310696752,1.5360414621393503,8,False,False,MASAC,grid4_cubes9_astar,A*,-1,1
436,49,9,0.0,29.53604146213935,False,0.7680207310696752,1.5360414621393503,9,True,False,MASAC,grid4_cubes9_astar,A*,-1,1
437,50,1,40.94435496236916,40.94435496236916,True,0.972177481184581,1.944354962369162,1,False,False,MASAC,grid4_cubes9_astar,A*,-1,1
438,50,2,39.42509280378053,80.36944776614969,True,0.934723883074847,1.869447766149694,2,False,False,MASAC,grid4_cubes9_astar,A*,-1,1
439,50,3,39.36791537934968,119.73736314549937,True,0.8686815727496894,1.7373631454993788,3,False,False,MASAC,grid4_cubes9_astar,A*,-1,1
440,50,4,0.0,119.73736314549937,True,0.8686815727496894,1.7373631454993788,4,False,False,MASAC,grid4_cubes9_astar,A*,-1,1
441,50,5,0.0,119.73736314549937,True,0.8686815727496894,1.7373631454993788,5,False,False,MASAC,grid4_cubes9_astar,A*,-1,1
442,50,6,0.0,119.73736314549937,False,0.8686815727496894,1.7373631454993788,6,False,False,MASAC,grid4_cubes9_astar,A*,-1,1
443,50,7,0.0,119.73736314549937,False,0.8686815727496894,1.7373631454993788,7,False,False,MASAC,grid4_cubes9_astar,A*,-1,1
444,50,8,0.0,119.73736314549937,False,0.8686815727496894,1.7373631454993788,8,False,False,MASAC,grid4_cubes9_astar,A*,-1,1
445,50,9,0.0,119.73736314549937,False,0.8686815727496894,1.7373631454993788,9,True,False,MASAC,grid4_cubes9_astar,A*,-1,1
