global_timestep,episode,step_in_episode,model,seed,reward,cumulative_reward,reshuffled,distance_reduced,time_saved,cubes_picked_so_far,done,truncated,timestamp,planner
1,1,1,DDPG+MASAC,42,48.2279626923356,48.2279626923356,True,0.0,0.0,1,False,False,2026-01-19T00:23:02.497681,Isaac Sim RRT
2,1,2,DDPG+MASAC,42,29.59781691759961,77.82577960993521,True,0.0,0.0,1,False,False,2026-01-19T00:23:02.516491,Isaac Sim RRT
3,1,3,DDPG+MASAC,42,29.728214709875488,107.5539943198107,True,0.0,0.0,1,False,False,2026-01-19T00:23:02.549284,Isaac Sim RRT
4,1,4,DDPG+MASAC,42,33.753307971657684,141.30730229146837,True,0.0,0.0,1,False,False,2026-01-19T00:23:02.582800,Isaac Sim RRT
5,1,5,DDPG+MASAC,42,29.728214709875488,171.03551700134386,True,0.0,0.0,1,False,False,2026-01-19T00:23:02.605812,Isaac Sim RRT
6,1,6,DDPG+MASAC,42,-10.0,161.03551700134386,False,0.0,0.0,1,False,False,2026-01-19T00:23:02.628325,Isaac Sim RRT
7,1,7,DDPG+MASAC,42,-10.0,151.03551700134386,False,0.0,0.0,1,False,False,2026-01-19T00:23:02.647878,Isaac Sim RRT
8,1,8,DDPG+MASAC,42,-10.0,141.03551700134386,False,0.0,0.0,1,False,False,2026-01-19T00:23:02.684948,Isaac Sim RRT
9,1,9,DDPG+MASAC,42,-10.0,131.03551700134386,False,0.0,0.0,1,False,False,2026-01-19T00:23:02.705476,Isaac Sim RRT
10,1,10,DDPG+MASAC,42,-10.0,121.03551700134386,False,0.0,0.0,1,False,False,2026-01-19T00:23:02.727025,Isaac Sim RRT
11,1,11,DDPG+MASAC,42,-10.0,111.03551700134386,False,0.0,0.0,1,False,False,2026-01-19T00:23:02.745060,Isaac Sim RRT
12,1,12,DDPG+MASAC,42,-10.0,101.03551700134386,False,0.0,0.0,1,False,False,2026-01-19T00:23:02.762086,Isaac Sim RRT
13,1,13,DDPG+MASAC,42,-10.0,91.03551700134386,False,0.0,0.0,1,False,False,2026-01-19T00:23:02.781600,Isaac Sim RRT
14,1,14,DDPG+MASAC,42,-10.0,81.03551700134386,False,0.0,0.0,1,False,False,2026-01-19T00:23:02.800624,Isaac Sim RRT
15,1,15,DDPG+MASAC,42,-10.0,71.03551700134386,False,0.0,0.0,1,False,False,2026-01-19T00:23:02.840642,Isaac Sim RRT
16,1,16,DDPG+MASAC,42,-10.0,61.03551700134386,False,0.0,0.0,1,False,False,2026-01-19T00:23:02.870702,Isaac Sim RRT
17,1,17,DDPG+MASAC,42,-10.0,51.03551700134386,False,0.0,0.0,1,False,False,2026-01-19T00:23:02.887715,Isaac Sim RRT
18,1,18,DDPG+MASAC,42,-10.0,41.03551700134386,False,0.0,0.0,1,False,False,2026-01-19T00:23:02.922247,Isaac Sim RRT
19,1,19,DDPG+MASAC,42,-10.0,31.035517001343862,False,0.0,0.0,1,False,False,2026-01-19T00:23:02.954275,Isaac Sim RRT
20,1,20,DDPG+MASAC,42,-10.0,21.035517001343862,False,0.0,0.0,1,False,False,2026-01-19T00:23:02.974800,Isaac Sim RRT
21,1,21,DDPG+MASAC,42,-10.0,11.035517001343862,False,0.0,0.0,1,False,False,2026-01-19T00:23:03.000825,Isaac Sim RRT
22,1,22,DDPG+MASAC,42,-10.0,1.0355170013438624,False,0.0,0.0,1,False,False,2026-01-19T00:23:03.024658,Isaac Sim RRT
23,1,23,DDPG+MASAC,42,-10.0,-8.964482998656138,False,0.0,0.0,1,False,False,2026-01-19T00:23:03.042729,Isaac Sim RRT
24,1,24,DDPG+MASAC,42,-10.0,-18.964482998656138,False,0.0,0.0,1,False,False,2026-01-19T00:23:03.074319,Isaac Sim RRT
25,1,25,DDPG+MASAC,42,-10.0,-28.964482998656138,False,0.0,0.0,1,False,False,2026-01-19T00:23:03.107507,Isaac Sim RRT
26,1,26,DDPG+MASAC,42,-10.0,-38.96448299865614,False,0.0,0.0,1,False,False,2026-01-19T00:23:03.126532,Isaac Sim RRT
27,1,27,DDPG+MASAC,42,-10.0,-48.96448299865614,False,0.0,0.0,1,False,False,2026-01-19T00:23:03.151044,Isaac Sim RRT
28,1,28,DDPG+MASAC,42,-10.0,-58.96448299865614,False,0.0,0.0,1,False,False,2026-01-19T00:23:03.170061,Isaac Sim RRT
29,1,29,DDPG+MASAC,42,-10.0,-68.96448299865614,False,0.0,0.0,1,False,False,2026-01-19T00:23:03.190555,Isaac Sim RRT
30,1,30,DDPG+MASAC,42,-10.0,-78.96448299865614,False,0.0,0.0,1,False,False,2026-01-19T00:23:03.210457,Isaac Sim RRT
31,1,31,DDPG+MASAC,42,-10.0,-88.96448299865614,False,0.0,0.0,1,False,False,2026-01-19T00:23:03.230971,Isaac Sim RRT
32,1,32,DDPG+MASAC,42,-10.0,-98.96448299865614,False,0.0,0.0,1,False,False,2026-01-19T00:23:03.260029,Isaac Sim RRT
33,1,33,DDPG+MASAC,42,-10.0,-108.96448299865614,False,0.0,0.0,1,False,False,2026-01-19T00:23:03.287185,Isaac Sim RRT
34,1,34,DDPG+MASAC,42,-10.0,-118.96448299865614,False,0.0,0.0,1,False,False,2026-01-19T00:23:03.318708,Isaac Sim RRT
35,1,35,DDPG+MASAC,42,-10.0,-128.96448299865614,False,0.0,0.0,1,False,False,2026-01-19T00:23:03.336721,Isaac Sim RRT
36,1,36,DDPG+MASAC,42,-10.0,-138.96448299865614,False,0.0,0.0,1,False,False,2026-01-19T00:23:03.355768,Isaac Sim RRT
37,1,37,DDPG+MASAC,42,-10.0,-148.96448299865614,False,0.0,0.0,1,False,False,2026-01-19T00:23:03.378239,Isaac Sim RRT
38,1,38,DDPG+MASAC,42,-10.0,-158.96448299865614,False,0.0,0.0,1,False,False,2026-01-19T00:23:03.410763,Isaac Sim RRT
39,1,39,DDPG+MASAC,42,-10.0,-168.96448299865614,False,0.0,0.0,1,False,False,2026-01-19T00:23:03.428789,Isaac Sim RRT
40,1,40,DDPG+MASAC,42,-10.0,-178.96448299865614,False,0.0,0.0,1,False,False,2026-01-19T00:23:03.444323,Isaac Sim RRT
41,1,41,DDPG+MASAC,42,-10.0,-188.96448299865614,False,0.0,0.0,1,False,False,2026-01-19T00:23:03.462849,Isaac Sim RRT
42,1,42,DDPG+MASAC,42,-10.0,-198.96448299865614,False,0.0,0.0,1,False,False,2026-01-19T00:23:03.480258,Isaac Sim RRT
43,1,43,DDPG+MASAC,42,-10.0,-208.96448299865614,False,0.0,0.0,1,False,False,2026-01-19T00:23:03.496280,Isaac Sim RRT
44,1,44,DDPG+MASAC,42,-10.0,-218.96448299865614,False,0.0,0.0,1,False,False,2026-01-19T00:23:03.524314,Isaac Sim RRT
45,1,45,DDPG+MASAC,42,-10.0,-228.96448299865614,False,0.0,0.0,1,False,False,2026-01-19T00:23:03.548355,Isaac Sim RRT
46,1,46,DDPG+MASAC,42,-10.0,-238.96448299865614,False,0.0,0.0,1,False,False,2026-01-19T00:23:03.571881,Isaac Sim RRT
47,1,47,DDPG+MASAC,42,-10.0,-248.96448299865614,False,0.0,0.0,1,False,False,2026-01-19T00:23:03.593406,Isaac Sim RRT
48,1,48,DDPG+MASAC,42,-10.0,-258.96448299865614,False,0.0,0.0,1,False,False,2026-01-19T00:23:03.615282,Isaac Sim RRT
49,1,49,DDPG+MASAC,42,-10.0,-268.96448299865614,False,0.0,0.0,1,False,False,2026-01-19T00:23:03.635801,Isaac Sim RRT
50,1,50,DDPG+MASAC,42,0.0,-268.96448299865614,False,0.0,0.0,1,False,True,2026-01-19T00:23:03.650314,Isaac Sim RRT
51,2,1,DDPG+MASAC,42,42.33166060124237,42.33166060124237,True,0.0,0.0,1,False,False,2026-01-19T00:23:03.729620,Isaac Sim RRT
52,2,2,DDPG+MASAC,42,30.97644761097183,73.3081082122142,True,0.0,0.0,1,False,False,2026-01-19T00:23:03.750641,Isaac Sim RRT
53,2,3,DDPG+MASAC,42,30.999999969122314,104.30810818133651,True,0.0,0.0,1,False,False,2026-01-19T00:23:03.774187,Isaac Sim RRT
54,2,4,DDPG+MASAC,42,29.58886822950592,133.89697641084243,True,0.0,0.0,1,False,False,2026-01-19T00:23:03.801825,Isaac Sim RRT
55,2,5,DDPG+MASAC,42,30.018880336401367,163.9158567472438,True,0.0,0.0,1,False,False,2026-01-19T00:23:03.821839,Isaac Sim RRT
56,2,6,DDPG+MASAC,42,-10.0,153.9158567472438,False,0.0,0.0,1,False,False,2026-01-19T00:23:03.841866,Isaac Sim RRT
57,2,7,DDPG+MASAC,42,-10.0,143.9158567472438,False,0.0,0.0,1,False,False,2026-01-19T00:23:03.859901,Isaac Sim RRT
58,2,8,DDPG+MASAC,42,-10.0,133.9158567472438,False,0.0,0.0,1,False,False,2026-01-19T00:23:03.879922,Isaac Sim RRT
59,2,9,DDPG+MASAC,42,-10.0,123.9158567472438,False,0.0,0.0,1,False,False,2026-01-19T00:23:03.903263,Isaac Sim RRT
60,2,10,DDPG+MASAC,42,-10.0,113.9158567472438,False,0.0,0.0,1,False,False,2026-01-19T00:23:03.924292,Isaac Sim RRT
61,2,11,DDPG+MASAC,42,-10.0,103.9158567472438,False,0.0,0.0,1,False,False,2026-01-19T00:23:03.942316,Isaac Sim RRT
62,2,12,DDPG+MASAC,42,-10.0,93.9158567472438,False,0.0,0.0,1,False,False,2026-01-19T00:23:03.963893,Isaac Sim RRT
63,2,13,DDPG+MASAC,42,-10.0,83.9158567472438,False,0.0,0.0,1,False,False,2026-01-19T00:23:03.991950,Isaac Sim RRT
64,2,14,DDPG+MASAC,42,-10.0,73.9158567472438,False,0.0,0.0,1,False,False,2026-01-19T00:23:04.013973,Isaac Sim RRT
65,2,15,DDPG+MASAC,42,-10.0,63.915856747243794,False,0.0,0.0,1,False,False,2026-01-19T00:23:04.032515,Isaac Sim RRT
66,2,16,DDPG+MASAC,42,-10.0,53.915856747243794,False,0.0,0.0,1,False,False,2026-01-19T00:23:04.057557,Isaac Sim RRT
67,2,17,DDPG+MASAC,42,-10.0,43.915856747243794,False,0.0,0.0,1,False,False,2026-01-19T00:23:04.081095,Isaac Sim RRT
68,2,18,DDPG+MASAC,42,-10.0,33.915856747243794,False,0.0,0.0,1,False,False,2026-01-19T00:23:04.105616,Isaac Sim RRT
69,2,19,DDPG+MASAC,42,-10.0,23.915856747243794,False,0.0,0.0,1,False,False,2026-01-19T00:23:04.125631,Isaac Sim RRT
70,2,20,DDPG+MASAC,42,-10.0,13.915856747243794,False,0.0,0.0,1,False,False,2026-01-19T00:23:04.145150,Isaac Sim RRT
71,2,21,DDPG+MASAC,42,-10.0,3.9158567472437937,False,0.0,0.0,1,False,False,2026-01-19T00:23:04.162670,Isaac Sim RRT
72,2,22,DDPG+MASAC,42,-10.0,-6.084143252756206,False,0.0,0.0,1,False,False,2026-01-19T00:23:04.178400,Isaac Sim RRT
73,2,23,DDPG+MASAC,42,-10.0,-16.084143252756206,False,0.0,0.0,1,False,False,2026-01-19T00:23:04.210898,Isaac Sim RRT
74,2,24,DDPG+MASAC,42,-10.0,-26.084143252756206,False,0.0,0.0,1,False,False,2026-01-19T00:23:04.239419,Isaac Sim RRT
75,2,25,DDPG+MASAC,42,-10.0,-36.084143252756206,False,0.0,0.0,1,False,False,2026-01-19T00:23:04.272457,Isaac Sim RRT
76,2,26,DDPG+MASAC,42,-10.0,-46.084143252756206,False,0.0,0.0,1,False,False,2026-01-19T00:23:04.304561,Isaac Sim RRT
77,2,27,DDPG+MASAC,42,-10.0,-56.084143252756206,False,0.0,0.0,1,False,False,2026-01-19T00:23:04.331091,Isaac Sim RRT
78,2,28,DDPG+MASAC,42,-10.0,-66.0841432527562,False,0.0,0.0,1,False,False,2026-01-19T00:23:04.350614,Isaac Sim RRT
79,2,29,DDPG+MASAC,42,-10.0,-76.0841432527562,False,0.0,0.0,1,False,False,2026-01-19T00:23:04.391099,Isaac Sim RRT
80,2,30,DDPG+MASAC,42,-10.0,-86.0841432527562,False,0.0,0.0,1,False,False,2026-01-19T00:23:04.418980,Isaac Sim RRT
81,2,31,DDPG+MASAC,42,-10.0,-96.0841432527562,False,0.0,0.0,1,False,False,2026-01-19T00:23:04.442948,Isaac Sim RRT
82,2,32,DDPG+MASAC,42,-10.0,-106.0841432527562,False,0.0,0.0,1,False,False,2026-01-19T00:23:04.468012,Isaac Sim RRT
83,2,33,DDPG+MASAC,42,-10.0,-116.0841432527562,False,0.0,0.0,1,False,False,2026-01-19T00:23:04.492550,Isaac Sim RRT
84,2,34,DDPG+MASAC,42,-10.0,-126.0841432527562,False,0.0,0.0,1,False,False,2026-01-19T00:23:04.519005,Isaac Sim RRT
85,2,35,DDPG+MASAC,42,-10.0,-136.0841432527562,False,0.0,0.0,1,False,False,2026-01-19T00:23:04.542950,Isaac Sim RRT
86,2,36,DDPG+MASAC,42,-10.0,-146.0841432527562,False,0.0,0.0,1,False,False,2026-01-19T00:23:04.567983,Isaac Sim RRT
87,2,37,DDPG+MASAC,42,-10.0,-156.0841432527562,False,0.0,0.0,1,False,False,2026-01-19T00:23:04.592499,Isaac Sim RRT
88,2,38,DDPG+MASAC,42,-10.0,-166.0841432527562,False,0.0,0.0,1,False,False,2026-01-19T00:23:04.615523,Isaac Sim RRT
89,2,39,DDPG+MASAC,42,-10.0,-176.0841432527562,False,0.0,0.0,1,False,False,2026-01-19T00:23:04.638039,Isaac Sim RRT
90,2,40,DDPG+MASAC,42,-10.0,-186.0841432527562,False,0.0,0.0,1,False,False,2026-01-19T00:23:04.665070,Isaac Sim RRT
91,2,41,DDPG+MASAC,42,-10.0,-196.0841432527562,False,0.0,0.0,1,False,False,2026-01-19T00:23:04.689552,Isaac Sim RRT
92,2,42,DDPG+MASAC,42,-10.0,-206.0841432527562,False,0.0,0.0,1,False,False,2026-01-19T00:23:04.713076,Isaac Sim RRT
93,2,43,DDPG+MASAC,42,-10.0,-216.0841432527562,False,0.0,0.0,1,False,False,2026-01-19T00:23:04.736828,Isaac Sim RRT
94,2,44,DDPG+MASAC,42,-10.0,-226.0841432527562,False,0.0,0.0,1,False,False,2026-01-19T00:23:04.759363,Isaac Sim RRT
95,2,45,DDPG+MASAC,42,-10.0,-236.0841432527562,False,0.0,0.0,1,False,False,2026-01-19T00:23:04.778774,Isaac Sim RRT
96,2,46,DDPG+MASAC,42,-10.0,-246.0841432527562,False,0.0,0.0,1,False,False,2026-01-19T00:23:04.796465,Isaac Sim RRT
97,2,47,DDPG+MASAC,42,-10.0,-256.08414325275623,False,0.0,0.0,1,False,False,2026-01-19T00:23:04.813483,Isaac Sim RRT
98,2,48,DDPG+MASAC,42,-10.0,-266.08414325275623,False,0.0,0.0,1,False,False,2026-01-19T00:23:04.836581,Isaac Sim RRT
99,2,49,DDPG+MASAC,42,-10.0,-276.08414325275623,False,0.0,0.0,1,False,False,2026-01-19T00:23:04.857729,Isaac Sim RRT
100,2,50,DDPG+MASAC,42,0.0,-276.08414325275623,False,0.0,0.0,1,False,True,2026-01-19T00:23:04.875232,Isaac Sim RRT
101,3,1,DDPG+MASAC,42,30.08115632729885,30.08115632729885,True,0.0,0.0,1,False,False,2026-01-19T00:23:04.956799,Isaac Sim RRT
102,3,2,DDPG+MASAC,42,29.523288099882507,59.604444427181356,True,0.0,0.0,1,False,False,2026-01-19T00:23:04.980840,Isaac Sim RRT
103,3,3,DDPG+MASAC,42,30.999999969122314,90.60444439630368,True,0.0,0.0,1,False,False,2026-01-19T00:23:05.007170,Isaac Sim RRT
104,3,4,DDPG+MASAC,42,29.567782311556243,120.17222670785992,True,0.0,0.0,1,False,False,2026-01-19T00:23:05.030792,Isaac Sim RRT
105,3,5,DDPG+MASAC,42,30.145955770132446,150.31818247799237,True,0.0,0.0,1,False,False,2026-01-19T00:23:05.054308,Isaac Sim RRT
106,3,6,DDPG+MASAC,42,-10.0,140.31818247799237,False,0.0,0.0,1,False,False,2026-01-19T00:23:05.076834,Isaac Sim RRT
107,3,7,DDPG+MASAC,42,-10.0,130.31818247799237,False,0.0,0.0,1,False,False,2026-01-19T00:23:05.095347,Isaac Sim RRT
108,3,8,DDPG+MASAC,42,-10.0,120.31818247799237,False,0.0,0.0,1,False,False,2026-01-19T00:23:05.122452,Isaac Sim RRT
109,3,9,DDPG+MASAC,42,-10.0,110.31818247799237,False,0.0,0.0,1,False,False,2026-01-19T00:23:05.140481,Isaac Sim RRT
110,3,10,DDPG+MASAC,42,-10.0,100.31818247799237,False,0.0,0.0,1,False,False,2026-01-19T00:23:05.184524,Isaac Sim RRT
111,3,11,DDPG+MASAC,42,-10.0,90.31818247799237,False,0.0,0.0,1,False,False,2026-01-19T00:23:05.207551,Isaac Sim RRT
112,3,12,DDPG+MASAC,42,-10.0,80.31818247799237,False,0.0,0.0,1,False,False,2026-01-19T00:23:05.232621,Isaac Sim RRT
113,3,13,DDPG+MASAC,42,-10.0,70.31818247799237,False,0.0,0.0,1,False,False,2026-01-19T00:23:05.251657,Isaac Sim RRT
114,3,14,DDPG+MASAC,42,-10.0,60.318182477992366,False,0.0,0.0,1,False,False,2026-01-19T00:23:05.269174,Isaac Sim RRT
115,3,15,DDPG+MASAC,42,-10.0,50.318182477992366,False,0.0,0.0,1,False,False,2026-01-19T00:23:05.293696,Isaac Sim RRT
116,3,16,DDPG+MASAC,42,-10.0,40.318182477992366,False,0.0,0.0,1,False,False,2026-01-19T00:23:05.316750,Isaac Sim RRT
117,3,17,DDPG+MASAC,42,-10.0,30.318182477992366,False,0.0,0.0,1,False,False,2026-01-19T00:23:05.333423,Isaac Sim RRT
118,3,18,DDPG+MASAC,42,-10.0,20.318182477992366,False,0.0,0.0,1,False,False,2026-01-19T00:23:05.353941,Isaac Sim RRT
119,3,19,DDPG+MASAC,42,-10.0,10.318182477992366,False,0.0,0.0,1,False,False,2026-01-19T00:23:05.373430,Isaac Sim RRT
120,3,20,DDPG+MASAC,42,-10.0,0.3181824779923659,False,0.0,0.0,1,False,False,2026-01-19T00:23:05.391902,Isaac Sim RRT
121,3,21,DDPG+MASAC,42,-10.0,-9.681817522007634,False,0.0,0.0,1,False,False,2026-01-19T00:23:05.416938,Isaac Sim RRT
122,3,22,DDPG+MASAC,42,-10.0,-19.681817522007634,False,0.0,0.0,1,False,False,2026-01-19T00:23:05.462848,Isaac Sim RRT
123,3,23,DDPG+MASAC,42,-10.0,-29.681817522007634,False,0.0,0.0,1,False,False,2026-01-19T00:23:05.482864,Isaac Sim RRT
124,3,24,DDPG+MASAC,42,-10.0,-39.681817522007634,False,0.0,0.0,1,False,False,2026-01-19T00:23:05.501887,Isaac Sim RRT
125,3,25,DDPG+MASAC,42,-10.0,-49.681817522007634,False,0.0,0.0,1,False,False,2026-01-19T00:23:05.520300,Isaac Sim RRT
126,3,26,DDPG+MASAC,42,-10.0,-59.681817522007634,False,0.0,0.0,1,False,False,2026-01-19T00:23:05.542819,Isaac Sim RRT
127,3,27,DDPG+MASAC,42,-10.0,-69.68181752200763,False,0.0,0.0,1,False,False,2026-01-19T00:23:05.561645,Isaac Sim RRT
128,3,28,DDPG+MASAC,42,-10.0,-79.68181752200763,False,0.0,0.0,1,False,False,2026-01-19T00:23:05.583835,Isaac Sim RRT
129,3,29,DDPG+MASAC,42,-10.0,-89.68181752200763,False,0.0,0.0,1,False,False,2026-01-19T00:23:05.599352,Isaac Sim RRT
130,3,30,DDPG+MASAC,42,-10.0,-99.68181752200763,False,0.0,0.0,1,False,False,2026-01-19T00:23:05.624365,Isaac Sim RRT
131,3,31,DDPG+MASAC,42,-10.0,-109.68181752200763,False,0.0,0.0,1,False,False,2026-01-19T00:23:05.643893,Isaac Sim RRT
132,3,32,DDPG+MASAC,42,-10.0,-119.68181752200763,False,0.0,0.0,1,False,False,2026-01-19T00:23:05.664916,Isaac Sim RRT
133,3,33,DDPG+MASAC,42,-10.0,-129.68181752200763,False,0.0,0.0,1,False,False,2026-01-19T00:23:05.682430,Isaac Sim RRT
134,3,34,DDPG+MASAC,42,-10.0,-139.68181752200763,False,0.0,0.0,1,False,False,2026-01-19T00:23:05.697435,Isaac Sim RRT
135,3,35,DDPG+MASAC,42,-10.0,-149.68181752200763,False,0.0,0.0,1,False,False,2026-01-19T00:23:05.716952,Isaac Sim RRT
136,3,36,DDPG+MASAC,42,-10.0,-159.68181752200763,False,0.0,0.0,1,False,False,2026-01-19T00:23:05.737486,Isaac Sim RRT
137,3,37,DDPG+MASAC,42,-10.0,-169.68181752200763,False,0.0,0.0,1,False,False,2026-01-19T00:23:05.755988,Isaac Sim RRT
138,3,38,DDPG+MASAC,42,-10.0,-179.68181752200763,False,0.0,0.0,1,False,False,2026-01-19T00:23:05.776498,Isaac Sim RRT
139,3,39,DDPG+MASAC,42,-10.0,-189.68181752200763,False,0.0,0.0,1,False,False,2026-01-19T00:23:05.797013,Isaac Sim RRT
140,3,40,DDPG+MASAC,42,-10.0,-199.68181752200763,False,0.0,0.0,1,False,False,2026-01-19T00:23:05.814544,Isaac Sim RRT
141,3,41,DDPG+MASAC,42,-10.0,-209.68181752200763,False,0.0,0.0,1,False,False,2026-01-19T00:23:05.852449,Isaac Sim RRT
142,3,42,DDPG+MASAC,42,-10.0,-219.68181752200763,False,0.0,0.0,1,False,False,2026-01-19T00:23:05.870459,Isaac Sim RRT
143,3,43,DDPG+MASAC,42,-10.0,-229.68181752200763,False,0.0,0.0,1,False,False,2026-01-19T00:23:05.886978,Isaac Sim RRT
144,3,44,DDPG+MASAC,42,-10.0,-239.68181752200763,False,0.0,0.0,1,False,False,2026-01-19T00:23:05.906991,Isaac Sim RRT
145,3,45,DDPG+MASAC,42,-10.0,-249.68181752200763,False,0.0,0.0,1,False,False,2026-01-19T00:23:05.947049,Isaac Sim RRT
146,3,46,DDPG+MASAC,42,-10.0,-259.68181752200763,False,0.0,0.0,1,False,False,2026-01-19T00:23:05.975126,Isaac Sim RRT
147,3,47,DDPG+MASAC,42,-10.0,-269.68181752200763,False,0.0,0.0,1,False,False,2026-01-19T00:23:05.999651,Isaac Sim RRT
148,3,48,DDPG+MASAC,42,-10.0,-279.68181752200763,False,0.0,0.0,1,False,False,2026-01-19T00:23:06.033196,Isaac Sim RRT
149,3,49,DDPG+MASAC,42,-10.0,-289.68181752200763,False,0.0,0.0,1,False,False,2026-01-19T00:23:06.059745,Isaac Sim RRT
150,3,50,DDPG+MASAC,42,0.0,-289.68181752200763,False,0.0,0.0,1,False,True,2026-01-19T00:23:06.070523,Isaac Sim RRT
151,1,1,TD3+MASAC,42,55.366246928470005,55.366246928470005,True,0.0,0.0,1,False,False,2026-01-19T00:23:07.295710,Isaac Sim RRT
152,1,2,TD3+MASAC,42,29.91895559322586,85.28520252169587,True,0.0,0.0,1,False,False,2026-01-19T00:23:07.315224,Isaac Sim RRT
153,1,3,TD3+MASAC,42,30.13242062818756,115.41762314988343,True,0.0,0.0,1,False,False,2026-01-19T00:23:07.334315,Isaac Sim RRT
154,1,4,TD3+MASAC,42,30.999999969122314,146.41762311900573,True,0.0,0.0,1,False,False,2026-01-19T00:23:07.357625,Isaac Sim RRT
155,1,5,TD3+MASAC,42,30.999999969122314,177.41762308812804,True,0.0,0.0,1,False,False,2026-01-19T00:23:07.384721,Isaac Sim RRT
156,1,6,TD3+MASAC,42,-10.0,167.41762308812804,False,0.0,0.0,1,False,False,2026-01-19T00:23:07.403254,Isaac Sim RRT
157,1,7,TD3+MASAC,42,-10.0,157.41762308812804,False,0.0,0.0,1,False,False,2026-01-19T00:23:07.423281,Isaac Sim RRT
158,1,8,TD3+MASAC,42,-10.0,147.41762308812804,False,0.0,0.0,1,False,False,2026-01-19T00:23:07.447487,Isaac Sim RRT
159,1,9,TD3+MASAC,42,-10.0,137.41762308812804,False,0.0,0.0,1,False,False,2026-01-19T00:23:07.465508,Isaac Sim RRT
160,1,10,TD3+MASAC,42,-10.0,127.41762308812804,False,0.0,0.0,1,False,False,2026-01-19T00:23:07.491040,Isaac Sim RRT
161,1,11,TD3+MASAC,42,-10.0,117.41762308812804,False,0.0,0.0,1,False,False,2026-01-19T00:23:07.512080,Isaac Sim RRT
162,1,12,TD3+MASAC,42,-10.0,107.41762308812804,False,0.0,0.0,1,False,False,2026-01-19T00:23:07.548149,Isaac Sim RRT
163,1,13,TD3+MASAC,42,-10.0,97.41762308812804,False,0.0,0.0,1,False,False,2026-01-19T00:23:07.569178,Isaac Sim RRT
164,1,14,TD3+MASAC,42,-10.0,87.41762308812804,False,0.0,0.0,1,False,False,2026-01-19T00:23:07.588256,Isaac Sim RRT
165,1,15,TD3+MASAC,42,-10.0,77.41762308812804,False,0.0,0.0,1,False,False,2026-01-19T00:23:07.625452,Isaac Sim RRT
166,1,16,TD3+MASAC,42,-10.0,67.41762308812804,False,0.0,0.0,1,False,False,2026-01-19T00:23:07.655052,Isaac Sim RRT
167,1,17,TD3+MASAC,42,-10.0,57.41762308812804,False,0.0,0.0,1,False,False,2026-01-19T00:23:07.686075,Isaac Sim RRT
168,1,18,TD3+MASAC,42,-10.0,47.41762308812804,False,0.0,0.0,1,False,False,2026-01-19T00:23:07.708146,Isaac Sim RRT
169,1,19,TD3+MASAC,42,-10.0,37.41762308812804,False,0.0,0.0,1,False,False,2026-01-19T00:23:07.725197,Isaac Sim RRT
170,1,20,TD3+MASAC,42,-10.0,27.41762308812804,False,0.0,0.0,1,False,False,2026-01-19T00:23:07.747247,Isaac Sim RRT
171,1,21,TD3+MASAC,42,-10.0,17.41762308812804,False,0.0,0.0,1,False,False,2026-01-19T00:23:07.769287,Isaac Sim RRT
172,1,22,TD3+MASAC,42,-10.0,7.417623088128039,False,0.0,0.0,1,False,False,2026-01-19T00:23:07.789327,Isaac Sim RRT
173,1,23,TD3+MASAC,42,-10.0,-2.582376911871961,False,0.0,0.0,1,False,False,2026-01-19T00:23:07.806824,Isaac Sim RRT
174,1,24,TD3+MASAC,42,-10.0,-12.582376911871961,False,0.0,0.0,1,False,False,2026-01-19T00:23:07.825336,Isaac Sim RRT
175,1,25,TD3+MASAC,42,-10.0,-22.58237691187196,False,0.0,0.0,1,False,False,2026-01-19T00:23:07.847388,Isaac Sim RRT
176,1,26,TD3+MASAC,42,-10.0,-32.58237691187196,False,0.0,0.0,1,False,False,2026-01-19T00:23:07.872465,Isaac Sim RRT
177,1,27,TD3+MASAC,42,-10.0,-42.58237691187196,False,0.0,0.0,1,False,False,2026-01-19T00:23:07.893985,Isaac Sim RRT
178,1,28,TD3+MASAC,42,-10.0,-52.58237691187196,False,0.0,0.0,1,False,False,2026-01-19T00:23:07.916029,Isaac Sim RRT
179,1,29,TD3+MASAC,42,-10.0,-62.58237691187196,False,0.0,0.0,1,False,False,2026-01-19T00:23:07.942561,Isaac Sim RRT
180,1,30,TD3+MASAC,42,-10.0,-72.58237691187196,False,0.0,0.0,1,False,False,2026-01-19T00:23:07.967075,Isaac Sim RRT
181,1,31,TD3+MASAC,42,-10.0,-82.58237691187196,False,0.0,0.0,1,False,False,2026-01-19T00:23:07.992613,Isaac Sim RRT
182,1,32,TD3+MASAC,42,-10.0,-92.58237691187196,False,0.0,0.0,1,False,False,2026-01-19T00:23:08.010639,Isaac Sim RRT
183,1,33,TD3+MASAC,42,-10.0,-102.58237691187196,False,0.0,0.0,1,False,False,2026-01-19T00:23:08.028675,Isaac Sim RRT
184,1,34,TD3+MASAC,42,-10.0,-112.58237691187196,False,0.0,0.0,1,False,False,2026-01-19T00:23:08.056753,Isaac Sim RRT
185,1,35,TD3+MASAC,42,-10.0,-122.58237691187196,False,0.0,0.0,1,False,False,2026-01-19T00:23:08.075280,Isaac Sim RRT
186,1,36,TD3+MASAC,42,-10.0,-132.58237691187196,False,0.0,0.0,1,False,False,2026-01-19T00:23:08.094800,Isaac Sim RRT
187,1,37,TD3+MASAC,42,-10.0,-142.58237691187196,False,0.0,0.0,1,False,False,2026-01-19T00:23:08.115836,Isaac Sim RRT
188,1,38,TD3+MASAC,42,-10.0,-152.58237691187196,False,0.0,0.0,1,False,False,2026-01-19T00:23:08.133871,Isaac Sim RRT
189,1,39,TD3+MASAC,42,-10.0,-162.58237691187196,False,0.0,0.0,1,False,False,2026-01-19T00:23:08.152981,Isaac Sim RRT
190,1,40,TD3+MASAC,42,-10.0,-172.58237691187196,False,0.0,0.0,1,False,False,2026-01-19T00:23:08.173504,Isaac Sim RRT
191,1,41,TD3+MASAC,42,-10.0,-182.58237691187196,False,0.0,0.0,1,False,False,2026-01-19T00:23:08.190038,Isaac Sim RRT
192,1,42,TD3+MASAC,42,-10.0,-192.58237691187196,False,0.0,0.0,1,False,False,2026-01-19T00:23:08.211067,Isaac Sim RRT
193,1,43,TD3+MASAC,42,-10.0,-202.58237691187196,False,0.0,0.0,1,False,False,2026-01-19T00:23:08.231095,Isaac Sim RRT
194,1,44,TD3+MASAC,42,-10.0,-212.58237691187196,False,0.0,0.0,1,False,False,2026-01-19T00:23:08.249133,Isaac Sim RRT
195,1,45,TD3+MASAC,42,-10.0,-222.58237691187196,False,0.0,0.0,1,False,False,2026-01-19T00:23:08.265688,Isaac Sim RRT
196,1,46,TD3+MASAC,42,-10.0,-232.58237691187196,False,0.0,0.0,1,False,False,2026-01-19T00:23:08.290205,Isaac Sim RRT
197,1,47,TD3+MASAC,42,-10.0,-242.58237691187196,False,0.0,0.0,1,False,False,2026-01-19T00:23:08.308326,Isaac Sim RRT
198,1,48,TD3+MASAC,42,-10.0,-252.58237691187196,False,0.0,0.0,1,False,False,2026-01-19T00:23:08.344924,Isaac Sim RRT
199,1,49,TD3+MASAC,42,-10.0,-262.58237691187196,False,0.0,0.0,1,False,False,2026-01-19T00:23:08.378573,Isaac Sim RRT
200,1,50,TD3+MASAC,42,0.0,-262.58237691187196,False,0.0,0.0,1,False,True,2026-01-19T00:23:08.390575,Isaac Sim RRT
201,2,1,TD3+MASAC,42,47.05898085122017,47.05898085122017,True,0.0,0.0,1,False,False,2026-01-19T00:23:08.495245,Isaac Sim RRT
202,2,2,TD3+MASAC,42,29.70636764061203,76.7653484918322,True,0.0,0.0,1,False,False,2026-01-19T00:23:08.514268,Isaac Sim RRT
203,2,3,TD3+MASAC,42,29.829387753126525,106.59473624495872,True,0.0,0.0,1,False,False,2026-01-19T00:23:08.533286,Isaac Sim RRT
204,2,4,TD3+MASAC,42,29.887580602285766,136.48231684724448,True,0.0,0.0,1,False,False,2026-01-19T00:23:08.558816,Isaac Sim RRT
205,2,5,TD3+MASAC,42,29.926325056256225,166.4086419035007,True,0.0,0.0,1,False,False,2026-01-19T00:23:08.576859,Isaac Sim RRT
206,2,6,TD3+MASAC,42,-10.0,156.4086419035007,False,0.0,0.0,1,False,False,2026-01-19T00:23:08.596403,Isaac Sim RRT
207,2,7,TD3+MASAC,42,-10.0,146.4086419035007,False,0.0,0.0,1,False,False,2026-01-19T00:23:08.617443,Isaac Sim RRT
208,2,8,TD3+MASAC,42,-10.0,136.4086419035007,False,0.0,0.0,1,False,False,2026-01-19T00:23:08.635474,Isaac Sim RRT
209,2,9,TD3+MASAC,42,-10.0,126.4086419035007,False,0.0,0.0,1,False,False,2026-01-19T00:23:08.667558,Isaac Sim RRT
210,2,10,TD3+MASAC,42,-10.0,116.4086419035007,False,0.0,0.0,1,False,False,2026-01-19T00:23:08.686100,Isaac Sim RRT
211,2,11,TD3+MASAC,42,-10.0,106.4086419035007,False,0.0,0.0,1,False,False,2026-01-19T00:23:08.712149,Isaac Sim RRT
212,2,12,TD3+MASAC,42,-10.0,96.4086419035007,False,0.0,0.0,1,False,False,2026-01-19T00:23:08.732700,Isaac Sim RRT
213,2,13,TD3+MASAC,42,-10.0,86.4086419035007,False,0.0,0.0,1,False,False,2026-01-19T00:23:08.752218,Isaac Sim RRT
214,2,14,TD3+MASAC,42,-10.0,76.4086419035007,False,0.0,0.0,1,False,False,2026-01-19T00:23:08.771853,Isaac Sim RRT
215,2,15,TD3+MASAC,42,-10.0,66.4086419035007,False,0.0,0.0,1,False,False,2026-01-19T00:23:08.789877,Isaac Sim RRT
216,2,16,TD3+MASAC,42,-10.0,56.408641903500694,False,0.0,0.0,1,False,False,2026-01-19T00:23:08.810931,Isaac Sim RRT
217,2,17,TD3+MASAC,42,-10.0,46.408641903500694,False,0.0,0.0,1,False,False,2026-01-19T00:23:08.829451,Isaac Sim RRT
218,2,18,TD3+MASAC,42,-10.0,36.408641903500694,False,0.0,0.0,1,False,False,2026-01-19T00:23:08.850481,Isaac Sim RRT
219,2,19,TD3+MASAC,42,-10.0,26.408641903500694,False,0.0,0.0,1,False,False,2026-01-19T00:23:08.867998,Isaac Sim RRT
220,2,20,TD3+MASAC,42,-10.0,16.408641903500694,False,0.0,0.0,1,False,False,2026-01-19T00:23:08.883531,Isaac Sim RRT
221,2,21,TD3+MASAC,42,-10.0,6.408641903500694,False,0.0,0.0,1,False,False,2026-01-19T00:23:08.912599,Isaac Sim RRT
222,2,22,TD3+MASAC,42,-10.0,-3.591358096499306,False,0.0,0.0,1,False,False,2026-01-19T00:23:08.933132,Isaac Sim RRT
223,2,23,TD3+MASAC,42,-10.0,-13.591358096499306,False,0.0,0.0,1,False,False,2026-01-19T00:23:08.961690,Isaac Sim RRT
224,2,24,TD3+MASAC,42,-10.0,-23.591358096499306,False,0.0,0.0,1,False,False,2026-01-19T00:23:08.988264,Isaac Sim RRT
225,2,25,TD3+MASAC,42,-10.0,-33.591358096499306,False,0.0,0.0,1,False,False,2026-01-19T00:23:09.008786,Isaac Sim RRT
226,2,26,TD3+MASAC,42,-10.0,-43.591358096499306,False,0.0,0.0,1,False,False,2026-01-19T00:23:09.033821,Isaac Sim RRT
227,2,27,TD3+MASAC,42,-10.0,-53.591358096499306,False,0.0,0.0,1,False,False,2026-01-19T00:23:09.058864,Isaac Sim RRT
228,2,28,TD3+MASAC,42,-10.0,-63.591358096499306,False,0.0,0.0,1,False,False,2026-01-19T00:23:09.097943,Isaac Sim RRT
229,2,29,TD3+MASAC,42,-10.0,-73.5913580964993,False,0.0,0.0,1,False,False,2026-01-19T00:23:09.118468,Isaac Sim RRT
230,2,30,TD3+MASAC,42,-10.0,-83.5913580964993,False,0.0,0.0,1,False,False,2026-01-19T00:23:09.137509,Isaac Sim RRT
231,2,31,TD3+MASAC,42,-10.0,-93.5913580964993,False,0.0,0.0,1,False,False,2026-01-19T00:23:09.155067,Isaac Sim RRT
232,2,32,TD3+MASAC,42,-10.0,-103.5913580964993,False,0.0,0.0,1,False,False,2026-01-19T00:23:09.175094,Isaac Sim RRT
233,2,33,TD3+MASAC,42,-10.0,-113.5913580964993,False,0.0,0.0,1,False,False,2026-01-19T00:23:09.193624,Isaac Sim RRT
234,2,34,TD3+MASAC,42,-10.0,-123.5913580964993,False,0.0,0.0,1,False,False,2026-01-19T00:23:09.220636,Isaac Sim RRT
235,2,35,TD3+MASAC,42,-10.0,-133.5913580964993,False,0.0,0.0,1,False,False,2026-01-19T00:23:09.270229,Isaac Sim RRT
236,2,36,TD3+MASAC,42,-10.0,-143.5913580964993,False,0.0,0.0,1,False,False,2026-01-19T00:23:09.304272,Isaac Sim RRT
237,2,37,TD3+MASAC,42,-10.0,-153.5913580964993,False,0.0,0.0,1,False,False,2026-01-19T00:23:09.340320,Isaac Sim RRT
238,2,38,TD3+MASAC,42,-10.0,-163.5913580964993,False,0.0,0.0,1,False,False,2026-01-19T00:23:09.358850,Isaac Sim RRT
239,2,39,TD3+MASAC,42,-10.0,-173.5913580964993,False,0.0,0.0,1,False,False,2026-01-19T00:23:09.383925,Isaac Sim RRT
240,2,40,TD3+MASAC,42,-10.0,-183.5913580964993,False,0.0,0.0,1,False,False,2026-01-19T00:23:09.420987,Isaac Sim RRT
241,2,41,TD3+MASAC,42,-10.0,-193.5913580964993,False,0.0,0.0,1,False,False,2026-01-19T00:23:09.449048,Isaac Sim RRT
242,2,42,TD3+MASAC,42,-10.0,-203.5913580964993,False,0.0,0.0,1,False,False,2026-01-19T00:23:09.473083,Isaac Sim RRT
243,2,43,TD3+MASAC,42,-10.0,-213.5913580964993,False,0.0,0.0,1,False,False,2026-01-19T00:23:09.492673,Isaac Sim RRT
244,2,44,TD3+MASAC,42,-10.0,-223.5913580964993,False,0.0,0.0,1,False,False,2026-01-19T00:23:09.509785,Isaac Sim RRT
245,2,45,TD3+MASAC,42,-10.0,-233.5913580964993,False,0.0,0.0,1,False,False,2026-01-19T00:23:09.537319,Isaac Sim RRT
246,2,46,TD3+MASAC,42,-10.0,-243.5913580964993,False,0.0,0.0,1,False,False,2026-01-19T00:23:09.554365,Isaac Sim RRT
247,2,47,TD3+MASAC,42,-10.0,-253.5913580964993,False,0.0,0.0,1,False,False,2026-01-19T00:23:09.583391,Isaac Sim RRT
248,2,48,TD3+MASAC,42,-10.0,-263.59135809649933,False,0.0,0.0,1,False,False,2026-01-19T00:23:09.600901,Isaac Sim RRT
249,2,49,TD3+MASAC,42,-10.0,-273.59135809649933,False,0.0,0.0,1,False,False,2026-01-19T00:23:09.621047,Isaac Sim RRT
250,2,50,TD3+MASAC,42,0.0,-273.59135809649933,False,0.0,0.0,1,False,True,2026-01-19T00:23:09.633572,Isaac Sim RRT
251,3,1,TD3+MASAC,42,56.87374147306035,56.87374147306035,True,0.0,0.0,1,False,False,2026-01-19T00:23:09.716903,Isaac Sim RRT
252,3,2,TD3+MASAC,42,29.697830884573364,86.57157235763371,True,0.0,0.0,1,False,False,2026-01-19T00:23:09.738962,Isaac Sim RRT
253,3,3,TD3+MASAC,42,29.52052321922531,116.09209557685902,True,0.0,0.0,1,False,False,2026-01-19T00:23:09.766975,Isaac Sim RRT
254,3,4,TD3+MASAC,42,30.999999969122314,147.09209554598135,True,0.0,0.0,1,False,False,2026-01-19T00:23:09.787029,Isaac Sim RRT
255,3,5,TD3+MASAC,42,30.999999969122314,178.09209551510367,True,0.0,0.0,1,False,False,2026-01-19T00:23:09.814522,Isaac Sim RRT
256,3,6,TD3+MASAC,42,-10.0,168.09209551510367,False,0.0,0.0,1,False,False,2026-01-19T00:23:09.830540,Isaac Sim RRT
257,3,7,TD3+MASAC,42,-10.0,158.09209551510367,False,0.0,0.0,1,False,False,2026-01-19T00:23:09.846055,Isaac Sim RRT
258,3,8,TD3+MASAC,42,-10.0,148.09209551510367,False,0.0,0.0,1,False,False,2026-01-19T00:23:09.864616,Isaac Sim RRT
259,3,9,TD3+MASAC,42,-10.0,138.09209551510367,False,0.0,0.0,1,False,False,2026-01-19T00:23:09.881639,Isaac Sim RRT
260,3,10,TD3+MASAC,42,-10.0,128.09209551510367,False,0.0,0.0,1,False,False,2026-01-19T00:23:09.903687,Isaac Sim RRT
261,3,11,TD3+MASAC,42,-10.0,118.09209551510367,False,0.0,0.0,1,False,False,2026-01-19T00:23:09.921748,Isaac Sim RRT
262,3,12,TD3+MASAC,42,-10.0,108.09209551510367,False,0.0,0.0,1,False,False,2026-01-19T00:23:09.942297,Isaac Sim RRT
263,3,13,TD3+MASAC,42,-10.0,98.09209551510367,False,0.0,0.0,1,False,False,2026-01-19T00:23:09.978861,Isaac Sim RRT
264,3,14,TD3+MASAC,42,-10.0,88.09209551510367,False,0.0,0.0,1,False,False,2026-01-19T00:23:09.994887,Isaac Sim RRT
265,3,15,TD3+MASAC,42,-10.0,78.09209551510367,False,0.0,0.0,1,False,False,2026-01-19T00:23:10.012927,Isaac Sim RRT
266,3,16,TD3+MASAC,42,-10.0,68.09209551510367,False,0.0,0.0,1,False,False,2026-01-19T00:23:10.029937,Isaac Sim RRT
267,3,17,TD3+MASAC,42,-10.0,58.092095515103665,False,0.0,0.0,1,False,False,2026-01-19T00:23:10.052972,Isaac Sim RRT
268,3,18,TD3+MASAC,42,-10.0,48.092095515103665,False,0.0,0.0,1,False,False,2026-01-19T00:23:10.069514,Isaac Sim RRT
269,3,19,TD3+MASAC,42,-10.0,38.092095515103665,False,0.0,0.0,1,False,False,2026-01-19T00:23:10.115085,Isaac Sim RRT
270,3,20,TD3+MASAC,42,-10.0,28.092095515103665,False,0.0,0.0,1,False,False,2026-01-19T00:23:10.149632,Isaac Sim RRT
271,3,21,TD3+MASAC,42,-10.0,18.092095515103665,False,0.0,0.0,1,False,False,2026-01-19T00:23:10.167166,Isaac Sim RRT
272,3,22,TD3+MASAC,42,-10.0,8.092095515103665,False,0.0,0.0,1,False,False,2026-01-19T00:23:10.183694,Isaac Sim RRT
273,3,23,TD3+MASAC,42,-10.0,-1.907904484896335,False,0.0,0.0,1,False,False,2026-01-19T00:23:10.201705,Isaac Sim RRT
274,3,24,TD3+MASAC,42,-10.0,-11.907904484896335,False,0.0,0.0,1,False,False,2026-01-19T00:23:10.224231,Isaac Sim RRT
275,3,25,TD3+MASAC,42,-10.0,-21.907904484896335,False,0.0,0.0,1,False,False,2026-01-19T00:23:10.245277,Isaac Sim RRT
276,3,26,TD3+MASAC,42,-10.0,-31.907904484896335,False,0.0,0.0,1,False,False,2026-01-19T00:23:10.266821,Isaac Sim RRT
277,3,27,TD3+MASAC,42,-10.0,-41.907904484896335,False,0.0,0.0,1,False,False,2026-01-19T00:23:10.288346,Isaac Sim RRT
278,3,28,TD3+MASAC,42,-10.0,-51.907904484896335,False,0.0,0.0,1,False,False,2026-01-19T00:23:10.305850,Isaac Sim RRT
279,3,29,TD3+MASAC,42,-10.0,-61.907904484896335,False,0.0,0.0,1,False,False,2026-01-19T00:23:10.325878,Isaac Sim RRT
280,3,30,TD3+MASAC,42,-10.0,-71.90790448489633,False,0.0,0.0,1,False,False,2026-01-19T00:23:10.348387,Isaac Sim RRT
281,3,31,TD3+MASAC,42,-10.0,-81.90790448489633,False,0.0,0.0,1,False,False,2026-01-19T00:23:10.375434,Isaac Sim RRT
282,3,32,TD3+MASAC,42,-10.0,-91.90790448489633,False,0.0,0.0,1,False,False,2026-01-19T00:23:10.398984,Isaac Sim RRT
283,3,33,TD3+MASAC,42,-10.0,-101.90790448489633,False,0.0,0.0,1,False,False,2026-01-19T00:23:10.438928,Isaac Sim RRT
284,3,34,TD3+MASAC,42,-10.0,-111.90790448489633,False,0.0,0.0,1,False,False,2026-01-19T00:23:10.458960,Isaac Sim RRT
285,3,35,TD3+MASAC,42,-10.0,-121.90790448489633,False,0.0,0.0,1,False,False,2026-01-19T00:23:10.475512,Isaac Sim RRT
286,3,36,TD3+MASAC,42,-10.0,-131.90790448489633,False,0.0,0.0,1,False,False,2026-01-19T00:23:10.493047,Isaac Sim RRT
287,3,37,TD3+MASAC,42,-10.0,-141.90790448489633,False,0.0,0.0,1,False,False,2026-01-19T00:23:10.518085,Isaac Sim RRT
288,3,38,TD3+MASAC,42,-10.0,-151.90790448489633,False,0.0,0.0,1,False,False,2026-01-19T00:23:10.536700,Isaac Sim RRT
289,3,39,TD3+MASAC,42,-10.0,-161.90790448489633,False,0.0,0.0,1,False,False,2026-01-19T00:23:10.557238,Isaac Sim RRT
290,3,40,TD3+MASAC,42,-10.0,-171.90790448489633,False,0.0,0.0,1,False,False,2026-01-19T00:23:10.580782,Isaac Sim RRT
291,3,41,TD3+MASAC,42,-10.0,-181.90790448489633,False,0.0,0.0,1,False,False,2026-01-19T00:23:10.608309,Isaac Sim RRT
292,3,42,TD3+MASAC,42,-10.0,-191.90790448489633,False,0.0,0.0,1,False,False,2026-01-19T00:23:10.628342,Isaac Sim RRT
293,3,43,TD3+MASAC,42,-10.0,-201.90790448489633,False,0.0,0.0,1,False,False,2026-01-19T00:23:10.646870,Isaac Sim RRT
294,3,44,TD3+MASAC,42,-10.0,-211.90790448489633,False,0.0,0.0,1,False,False,2026-01-19T00:23:10.674955,Isaac Sim RRT
295,3,45,TD3+MASAC,42,-10.0,-221.90790448489633,False,0.0,0.0,1,False,False,2026-01-19T00:23:10.690976,Isaac Sim RRT
296,3,46,TD3+MASAC,42,-10.0,-231.90790448489633,False,0.0,0.0,1,False,False,2026-01-19T00:23:10.717940,Isaac Sim RRT
297,3,47,TD3+MASAC,42,-10.0,-241.90790448489633,False,0.0,0.0,1,False,False,2026-01-19T00:23:10.750546,Isaac Sim RRT
298,3,48,TD3+MASAC,42,-10.0,-251.90790448489633,False,0.0,0.0,1,False,False,2026-01-19T00:23:10.766579,Isaac Sim RRT
299,3,49,TD3+MASAC,42,-10.0,-261.90790448489633,False,0.0,0.0,1,False,False,2026-01-19T00:23:10.786101,Isaac Sim RRT
300,3,50,TD3+MASAC,42,0.0,-261.90790448489633,False,0.0,0.0,1,False,True,2026-01-19T00:23:10.801615,Isaac Sim RRT
301,1,1,PPO-Continuous+MASAC,42,56.18464251779872,56.18464251779872,True,0.0,0.0,1,False,False,2026-01-19T00:23:11.840369,Isaac Sim RRT
302,1,2,PPO-Continuous+MASAC,42,29.696688084719085,85.8813306025178,True,0.0,0.0,1,False,False,2026-01-19T00:23:11.858472,Isaac Sim RRT
303,1,3,PPO-Continuous+MASAC,42,30.03766748201599,115.9189980845338,True,0.0,0.0,1,False,False,2026-01-19T00:23:11.876985,Isaac Sim RRT
304,1,4,PPO-Continuous+MASAC,42,30.999999969122314,146.9189980536561,True,0.0,0.0,1,False,False,2026-01-19T00:23:11.898999,Isaac Sim RRT
305,1,5,PPO-Continuous+MASAC,42,30.999999969122314,177.91899802277842,True,0.0,0.0,1,False,False,2026-01-19T00:23:11.923524,Isaac Sim RRT
306,1,6,PPO-Continuous+MASAC,42,-10.0,167.91899802277842,False,0.0,0.0,1,False,False,2026-01-19T00:23:11.950165,Isaac Sim RRT
307,1,7,PPO-Continuous+MASAC,42,-10.0,157.91899802277842,False,0.0,0.0,1,False,False,2026-01-19T00:23:11.972202,Isaac Sim RRT
308,1,8,PPO-Continuous+MASAC,42,-10.0,147.91899802277842,False,0.0,0.0,1,False,False,2026-01-19T00:23:11.990726,Isaac Sim RRT
309,1,9,PPO-Continuous+MASAC,42,-10.0,137.91899802277842,False,0.0,0.0,1,False,False,2026-01-19T00:23:12.013788,Isaac Sim RRT
310,1,10,PPO-Continuous+MASAC,42,-10.0,127.91899802277842,False,0.0,0.0,1,False,False,2026-01-19T00:23:12.065235,Isaac Sim RRT
311,1,11,PPO-Continuous+MASAC,42,-10.0,117.91899802277842,False,0.0,0.0,1,False,False,2026-01-19T00:23:12.107791,Isaac Sim RRT
312,1,12,PPO-Continuous+MASAC,42,-10.0,107.91899802277842,False,0.0,0.0,1,False,False,2026-01-19T00:23:12.136726,Isaac Sim RRT
313,1,13,PPO-Continuous+MASAC,42,-10.0,97.91899802277842,False,0.0,0.0,1,False,False,2026-01-19T00:23:12.167460,Isaac Sim RRT
314,1,14,PPO-Continuous+MASAC,42,-10.0,87.91899802277842,False,0.0,0.0,1,False,False,2026-01-19T00:23:12.190969,Isaac Sim RRT
315,1,15,PPO-Continuous+MASAC,42,-10.0,77.91899802277842,False,0.0,0.0,1,False,False,2026-01-19T00:23:12.230497,Isaac Sim RRT
316,1,16,PPO-Continuous+MASAC,42,-10.0,67.91899802277842,False,0.0,0.0,1,False,False,2026-01-19T00:23:12.256528,Isaac Sim RRT
317,1,17,PPO-Continuous+MASAC,42,-10.0,57.918998022778425,False,0.0,0.0,1,False,False,2026-01-19T00:23:12.285043,Isaac Sim RRT
318,1,18,PPO-Continuous+MASAC,42,-10.0,47.918998022778425,False,0.0,0.0,1,False,False,2026-01-19T00:23:12.326179,Isaac Sim RRT
319,1,19,PPO-Continuous+MASAC,42,-10.0,37.918998022778425,False,0.0,0.0,1,False,False,2026-01-19T00:23:12.358202,Isaac Sim RRT
320,1,20,PPO-Continuous+MASAC,42,-10.0,27.918998022778425,False,0.0,0.0,1,False,False,2026-01-19T00:23:12.376713,Isaac Sim RRT
321,1,21,PPO-Continuous+MASAC,42,-10.0,17.918998022778425,False,0.0,0.0,1,False,False,2026-01-19T00:23:12.393741,Isaac Sim RRT
322,1,22,PPO-Continuous+MASAC,42,-10.0,7.918998022778425,False,0.0,0.0,1,False,False,2026-01-19T00:23:12.409749,Isaac Sim RRT
323,1,23,PPO-Continuous+MASAC,42,-10.0,-2.0810019772215753,False,0.0,0.0,1,False,False,2026-01-19T00:23:12.445847,Isaac Sim RRT
324,1,24,PPO-Continuous+MASAC,42,-10.0,-12.081001977221575,False,0.0,0.0,1,False,False,2026-01-19T00:23:12.478869,Isaac Sim RRT
325,1,25,PPO-Continuous+MASAC,42,-10.0,-22.081001977221575,False,0.0,0.0,1,False,False,2026-01-19T00:23:12.500888,Isaac Sim RRT
326,1,26,PPO-Continuous+MASAC,42,-10.0,-32.081001977221575,False,0.0,0.0,1,False,False,2026-01-19T00:23:12.518402,Isaac Sim RRT
327,1,27,PPO-Continuous+MASAC,42,-10.0,-42.081001977221575,False,0.0,0.0,1,False,False,2026-01-19T00:23:12.538916,Isaac Sim RRT
328,1,28,PPO-Continuous+MASAC,42,-10.0,-52.081001977221575,False,0.0,0.0,1,False,False,2026-01-19T00:23:12.559933,Isaac Sim RRT
329,1,29,PPO-Continuous+MASAC,42,-10.0,-62.081001977221575,False,0.0,0.0,1,False,False,2026-01-19T00:23:12.597295,Isaac Sim RRT
330,1,30,PPO-Continuous+MASAC,42,-10.0,-72.08100197722158,False,0.0,0.0,1,False,False,2026-01-19T00:23:12.652898,Isaac Sim RRT
331,1,31,PPO-Continuous+MASAC,42,-10.0,-82.08100197722158,False,0.0,0.0,1,False,False,2026-01-19T00:23:12.668404,Isaac Sim RRT
332,1,32,PPO-Continuous+MASAC,42,-10.0,-92.08100197722158,False,0.0,0.0,1,False,False,2026-01-19T00:23:12.686380,Isaac Sim RRT
333,1,33,PPO-Continuous+MASAC,42,-10.0,-102.08100197722158,False,0.0,0.0,1,False,False,2026-01-19T00:23:12.711832,Isaac Sim RRT
334,1,34,PPO-Continuous+MASAC,42,-10.0,-112.08100197722158,False,0.0,0.0,1,False,False,2026-01-19T00:23:12.732366,Isaac Sim RRT
335,1,35,PPO-Continuous+MASAC,42,-10.0,-122.08100197722158,False,0.0,0.0,1,False,False,2026-01-19T00:23:12.754985,Isaac Sim RRT
336,1,36,PPO-Continuous+MASAC,42,-10.0,-132.08100197722158,False,0.0,0.0,1,False,False,2026-01-19T00:23:12.776819,Isaac Sim RRT
337,1,37,PPO-Continuous+MASAC,42,-10.0,-142.08100197722158,False,0.0,0.0,1,False,False,2026-01-19T00:23:12.796227,Isaac Sim RRT
338,1,38,PPO-Continuous+MASAC,42,-10.0,-152.08100197722158,False,0.0,0.0,1,False,False,2026-01-19T00:23:12.814810,Isaac Sim RRT
339,1,39,PPO-Continuous+MASAC,42,-10.0,-162.08100197722158,False,0.0,0.0,1,False,False,2026-01-19T00:23:12.835329,Isaac Sim RRT
340,1,40,PPO-Continuous+MASAC,42,-10.0,-172.08100197722158,False,0.0,0.0,1,False,False,2026-01-19T00:23:12.856877,Isaac Sim RRT
341,1,41,PPO-Continuous+MASAC,42,-10.0,-182.08100197722158,False,0.0,0.0,1,False,False,2026-01-19T00:23:12.875390,Isaac Sim RRT
342,1,42,PPO-Continuous+MASAC,42,-10.0,-192.08100197722158,False,0.0,0.0,1,False,False,2026-01-19T00:23:12.892400,Isaac Sim RRT
343,1,43,PPO-Continuous+MASAC,42,-10.0,-202.08100197722158,False,0.0,0.0,1,False,False,2026-01-19T00:23:12.912228,Isaac Sim RRT
344,1,44,PPO-Continuous+MASAC,42,-10.0,-212.08100197722158,False,0.0,0.0,1,False,False,2026-01-19T00:23:12.933234,Isaac Sim RRT
345,1,45,PPO-Continuous+MASAC,42,-10.0,-222.08100197722158,False,0.0,0.0,1,False,False,2026-01-19T00:23:12.950251,Isaac Sim RRT
346,1,46,PPO-Continuous+MASAC,42,-10.0,-232.08100197722158,False,0.0,0.0,1,False,False,2026-01-19T00:23:12.970696,Isaac Sim RRT
347,1,47,PPO-Continuous+MASAC,42,-10.0,-242.08100197722158,False,0.0,0.0,1,False,False,2026-01-19T00:23:12.991752,Isaac Sim RRT
348,1,48,PPO-Continuous+MASAC,42,-10.0,-252.08100197722158,False,0.0,0.0,1,False,False,2026-01-19T00:23:13.015257,Isaac Sim RRT
349,1,49,PPO-Continuous+MASAC,42,-10.0,-262.0810019772216,False,0.0,0.0,1,False,False,2026-01-19T00:23:13.031768,Isaac Sim RRT
350,1,50,PPO-Continuous+MASAC,42,0.0,-262.0810019772216,False,0.0,0.0,1,False,True,2026-01-19T00:23:13.044277,Isaac Sim RRT
351,2,1,PPO-Continuous+MASAC,42,56.34856810652861,56.34856810652861,True,0.0,0.0,1,False,False,2026-01-19T00:23:13.125810,Isaac Sim RRT
352,2,2,PPO-Continuous+MASAC,42,29.977284281370544,86.32585238789915,True,0.0,0.0,1,False,False,2026-01-19T00:23:13.142320,Isaac Sim RRT
353,2,3,PPO-Continuous+MASAC,42,29.513260870096587,115.83911325799573,True,0.0,0.0,1,False,False,2026-01-19T00:23:13.159372,Isaac Sim RRT
354,2,4,PPO-Continuous+MASAC,42,30.999999969122314,146.83911322711805,True,0.0,0.0,1,False,False,2026-01-19T00:23:13.178399,Isaac Sim RRT
355,2,5,PPO-Continuous+MASAC,42,29.590135781881713,176.42924900899976,True,0.0,0.0,1,False,False,2026-01-19T00:23:13.196418,Isaac Sim RRT
356,2,6,PPO-Continuous+MASAC,42,-10.0,166.42924900899976,False,0.0,0.0,1,False,False,2026-01-19T00:23:13.222936,Isaac Sim RRT
357,2,7,PPO-Continuous+MASAC,42,-10.0,156.42924900899976,False,0.0,0.0,1,False,False,2026-01-19T00:23:13.240944,Isaac Sim RRT
358,2,8,PPO-Continuous+MASAC,42,-10.0,146.42924900899976,False,0.0,0.0,1,False,False,2026-01-19T00:23:13.257473,Isaac Sim RRT
359,2,9,PPO-Continuous+MASAC,42,-10.0,136.42924900899976,False,0.0,0.0,1,False,False,2026-01-19T00:23:13.277004,Isaac Sim RRT
360,2,10,PPO-Continuous+MASAC,42,-10.0,126.42924900899976,False,0.0,0.0,1,False,False,2026-01-19T00:23:13.306541,Isaac Sim RRT
361,2,11,PPO-Continuous+MASAC,42,-10.0,116.42924900899976,False,0.0,0.0,1,False,False,2026-01-19T00:23:13.324052,Isaac Sim RRT
362,2,12,PPO-Continuous+MASAC,42,-10.0,106.42924900899976,False,0.0,0.0,1,False,False,2026-01-19T00:23:13.341061,Isaac Sim RRT
363,2,13,PPO-Continuous+MASAC,42,-10.0,96.42924900899976,False,0.0,0.0,1,False,False,2026-01-19T00:23:13.363026,Isaac Sim RRT
364,2,14,PPO-Continuous+MASAC,42,-10.0,86.42924900899976,False,0.0,0.0,1,False,False,2026-01-19T00:23:13.402122,Isaac Sim RRT
365,2,15,PPO-Continuous+MASAC,42,-10.0,76.42924900899976,False,0.0,0.0,1,False,False,2026-01-19T00:23:13.418633,Isaac Sim RRT
366,2,16,PPO-Continuous+MASAC,42,-10.0,66.42924900899976,False,0.0,0.0,1,False,False,2026-01-19T00:23:13.436650,Isaac Sim RRT
367,2,17,PPO-Continuous+MASAC,42,-10.0,56.42924900899976,False,0.0,0.0,1,False,False,2026-01-19T00:23:13.476412,Isaac Sim RRT
368,2,18,PPO-Continuous+MASAC,42,-10.0,46.42924900899976,False,0.0,0.0,1,False,False,2026-01-19T00:23:13.493936,Isaac Sim RRT
369,2,19,PPO-Continuous+MASAC,42,-10.0,36.42924900899976,False,0.0,0.0,1,False,False,2026-01-19T00:23:13.509450,Isaac Sim RRT
370,2,20,PPO-Continuous+MASAC,42,-10.0,26.42924900899976,False,0.0,0.0,1,False,False,2026-01-19T00:23:13.528988,Isaac Sim RRT
371,2,21,PPO-Continuous+MASAC,42,-10.0,16.42924900899976,False,0.0,0.0,1,False,False,2026-01-19T00:23:13.552002,Isaac Sim RRT
372,2,22,PPO-Continuous+MASAC,42,-10.0,6.429249008999761,False,0.0,0.0,1,False,False,2026-01-19T00:23:13.571015,Isaac Sim RRT
373,2,23,PPO-Continuous+MASAC,42,-10.0,-3.5707509910002386,False,0.0,0.0,1,False,False,2026-01-19T00:23:13.589339,Isaac Sim RRT
374,2,24,PPO-Continuous+MASAC,42,-10.0,-13.570750991000239,False,0.0,0.0,1,False,False,2026-01-19T00:23:13.627878,Isaac Sim RRT
375,2,25,PPO-Continuous+MASAC,42,-10.0,-23.57075099100024,False,0.0,0.0,1,False,False,2026-01-19T00:23:13.647379,Isaac Sim RRT
376,2,26,PPO-Continuous+MASAC,42,-10.0,-33.57075099100024,False,0.0,0.0,1,False,False,2026-01-19T00:23:13.679449,Isaac Sim RRT
377,2,27,PPO-Continuous+MASAC,42,-10.0,-43.57075099100024,False,0.0,0.0,1,False,False,2026-01-19T00:23:13.709471,Isaac Sim RRT
378,2,28,PPO-Continuous+MASAC,42,-10.0,-53.57075099100024,False,0.0,0.0,1,False,False,2026-01-19T00:23:13.741020,Isaac Sim RRT
379,2,29,PPO-Continuous+MASAC,42,-10.0,-63.57075099100024,False,0.0,0.0,1,False,False,2026-01-19T00:23:13.757538,Isaac Sim RRT
380,2,30,PPO-Continuous+MASAC,42,-10.0,-73.57075099100024,False,0.0,0.0,1,False,False,2026-01-19T00:23:13.785589,Isaac Sim RRT
381,2,31,PPO-Continuous+MASAC,42,-10.0,-83.57075099100024,False,0.0,0.0,1,False,False,2026-01-19T00:23:13.802608,Isaac Sim RRT
382,2,32,PPO-Continuous+MASAC,42,-10.0,-93.57075099100024,False,0.0,0.0,1,False,False,2026-01-19T00:23:13.821626,Isaac Sim RRT
383,2,33,PPO-Continuous+MASAC,42,-10.0,-103.57075099100024,False,0.0,0.0,1,False,False,2026-01-19T00:23:13.836636,Isaac Sim RRT
384,2,34,PPO-Continuous+MASAC,42,-10.0,-113.57075099100024,False,0.0,0.0,1,False,False,2026-01-19T00:23:13.862701,Isaac Sim RRT
385,2,35,PPO-Continuous+MASAC,42,-10.0,-123.57075099100024,False,0.0,0.0,1,False,False,2026-01-19T00:23:13.880709,Isaac Sim RRT
386,2,36,PPO-Continuous+MASAC,42,-10.0,-133.57075099100024,False,0.0,0.0,1,False,False,2026-01-19T00:23:13.897244,Isaac Sim RRT
387,2,37,PPO-Continuous+MASAC,42,-10.0,-143.57075099100024,False,0.0,0.0,1,False,False,2026-01-19T00:23:13.914257,Isaac Sim RRT
388,2,38,PPO-Continuous+MASAC,42,-10.0,-153.57075099100024,False,0.0,0.0,1,False,False,2026-01-19T00:23:13.933269,Isaac Sim RRT
389,2,39,PPO-Continuous+MASAC,42,-10.0,-163.57075099100024,False,0.0,0.0,1,False,False,2026-01-19T00:23:13.950783,Isaac Sim RRT
390,2,40,PPO-Continuous+MASAC,42,-10.0,-173.57075099100024,False,0.0,0.0,1,False,False,2026-01-19T00:23:13.969253,Isaac Sim RRT
391,2,41,PPO-Continuous+MASAC,42,-10.0,-183.57075099100024,False,0.0,0.0,1,False,False,2026-01-19T00:23:13.986781,Isaac Sim RRT
392,2,42,PPO-Continuous+MASAC,42,-10.0,-193.57075099100024,False,0.0,0.0,1,False,False,2026-01-19T00:23:14.006303,Isaac Sim RRT
393,2,43,PPO-Continuous+MASAC,42,-10.0,-203.57075099100024,False,0.0,0.0,1,False,False,2026-01-19T00:23:14.022819,Isaac Sim RRT
394,2,44,PPO-Continuous+MASAC,42,-10.0,-213.57075099100024,False,0.0,0.0,1,False,False,2026-01-19T00:23:14.040837,Isaac Sim RRT
395,2,45,PPO-Continuous+MASAC,42,-10.0,-223.57075099100024,False,0.0,0.0,1,False,False,2026-01-19T00:23:14.061897,Isaac Sim RRT
396,2,46,PPO-Continuous+MASAC,42,-10.0,-233.57075099100024,False,0.0,0.0,1,False,False,2026-01-19T00:23:14.080406,Isaac Sim RRT
397,2,47,PPO-Continuous+MASAC,42,-10.0,-243.57075099100024,False,0.0,0.0,1,False,False,2026-01-19T00:23:14.097428,Isaac Sim RRT
398,2,48,PPO-Continuous+MASAC,42,-10.0,-253.57075099100024,False,0.0,0.0,1,False,False,2026-01-19T00:23:14.120950,Isaac Sim RRT
399,2,49,PPO-Continuous+MASAC,42,-10.0,-263.57075099100024,False,0.0,0.0,1,False,False,2026-01-19T00:23:14.135974,Isaac Sim RRT
400,2,50,PPO-Continuous+MASAC,42,0.0,-263.57075099100024,False,0.0,0.0,1,False,True,2026-01-19T00:23:14.146990,Isaac Sim RRT
401,3,1,PPO-Continuous+MASAC,42,28.198983385869546,28.198983385869546,True,0.0,0.0,1,False,False,2026-01-19T00:23:14.217425,Isaac Sim RRT
402,3,2,PPO-Continuous+MASAC,42,30.996764211771392,59.19574759764094,True,0.0,0.0,1,False,False,2026-01-19T00:23:14.236976,Isaac Sim RRT
403,3,3,PPO-Continuous+MASAC,42,30.999999969122314,90.19574756676326,True,0.0,0.0,1,False,False,2026-01-19T00:23:14.258531,Isaac Sim RRT
404,3,4,PPO-Continuous+MASAC,42,29.58620491516342,119.78195248192668,True,0.0,0.0,1,False,False,2026-01-19T00:23:14.278622,Isaac Sim RRT
405,3,5,PPO-Continuous+MASAC,42,30.999999969122314,150.781952451049,True,0.0,0.0,1,False,False,2026-01-19T00:23:14.297723,Isaac Sim RRT
406,3,6,PPO-Continuous+MASAC,42,-10.0,140.781952451049,False,0.0,0.0,1,False,False,2026-01-19T00:23:14.329120,Isaac Sim RRT
407,3,7,PPO-Continuous+MASAC,42,-10.0,130.781952451049,False,0.0,0.0,1,False,False,2026-01-19T00:23:14.346752,Isaac Sim RRT
408,3,8,PPO-Continuous+MASAC,42,-10.0,120.781952451049,False,0.0,0.0,1,False,False,2026-01-19T00:23:14.367846,Isaac Sim RRT
409,3,9,PPO-Continuous+MASAC,42,-10.0,110.781952451049,False,0.0,0.0,1,False,False,2026-01-19T00:23:14.390171,Isaac Sim RRT
410,3,10,PPO-Continuous+MASAC,42,-10.0,100.781952451049,False,0.0,0.0,1,False,False,2026-01-19T00:23:14.406793,Isaac Sim RRT
411,3,11,PPO-Continuous+MASAC,42,-10.0,90.781952451049,False,0.0,0.0,1,False,False,2026-01-19T00:23:14.433189,Isaac Sim RRT
412,3,12,PPO-Continuous+MASAC,42,-10.0,80.781952451049,False,0.0,0.0,1,False,False,2026-01-19T00:23:14.470922,Isaac Sim RRT
413,3,13,PPO-Continuous+MASAC,42,-10.0,70.781952451049,False,0.0,0.0,1,False,False,2026-01-19T00:23:14.497446,Isaac Sim RRT
414,3,14,PPO-Continuous+MASAC,42,-10.0,60.781952451048994,False,0.0,0.0,1,False,False,2026-01-19T00:23:14.523005,Isaac Sim RRT
415,3,15,PPO-Continuous+MASAC,42,-10.0,50.781952451048994,False,0.0,0.0,1,False,False,2026-01-19T00:23:14.547173,Isaac Sim RRT
416,3,16,PPO-Continuous+MASAC,42,-10.0,40.781952451048994,False,0.0,0.0,1,False,False,2026-01-19T00:23:14.577209,Isaac Sim RRT
417,3,17,PPO-Continuous+MASAC,42,-10.0,30.781952451048994,False,0.0,0.0,1,False,False,2026-01-19T00:23:14.608247,Isaac Sim RRT
418,3,18,PPO-Continuous+MASAC,42,-10.0,20.781952451048994,False,0.0,0.0,1,False,False,2026-01-19T00:23:14.634800,Isaac Sim RRT
419,3,19,PPO-Continuous+MASAC,42,-10.0,10.781952451048994,False,0.0,0.0,1,False,False,2026-01-19T00:23:14.660348,Isaac Sim RRT
420,3,20,PPO-Continuous+MASAC,42,-10.0,0.7819524510489941,False,0.0,0.0,1,False,False,2026-01-19T00:23:14.677381,Isaac Sim RRT
421,3,21,PPO-Continuous+MASAC,42,-10.0,-9.218047548951006,False,0.0,0.0,1,False,False,2026-01-19T00:23:14.698057,Isaac Sim RRT
422,3,22,PPO-Continuous+MASAC,42,-10.0,-19.218047548951006,False,0.0,0.0,1,False,False,2026-01-19T00:23:14.718077,Isaac Sim RRT
423,3,23,PPO-Continuous+MASAC,42,-10.0,-29.218047548951006,False,0.0,0.0,1,False,False,2026-01-19T00:23:14.734591,Isaac Sim RRT
424,3,24,PPO-Continuous+MASAC,42,-10.0,-39.218047548951006,False,0.0,0.0,1,False,False,2026-01-19T00:23:14.763129,Isaac Sim RRT
425,3,25,PPO-Continuous+MASAC,42,-10.0,-49.218047548951006,False,0.0,0.0,1,False,False,2026-01-19T00:23:14.780480,Isaac Sim RRT
426,3,26,PPO-Continuous+MASAC,42,-10.0,-59.218047548951006,False,0.0,0.0,1,False,False,2026-01-19T00:23:14.798513,Isaac Sim RRT
427,3,27,PPO-Continuous+MASAC,42,-10.0,-69.218047548951,False,0.0,0.0,1,False,False,2026-01-19T00:23:14.823567,Isaac Sim RRT
428,3,28,PPO-Continuous+MASAC,42,-10.0,-79.218047548951,False,0.0,0.0,1,False,False,2026-01-19T00:23:14.846080,Isaac Sim RRT
429,3,29,PPO-Continuous+MASAC,42,-10.0,-89.218047548951,False,0.0,0.0,1,False,False,2026-01-19T00:23:14.875603,Isaac Sim RRT
430,3,30,PPO-Continuous+MASAC,42,-10.0,-99.218047548951,False,0.0,0.0,1,False,False,2026-01-19T00:23:14.894622,Isaac Sim RRT
431,3,31,PPO-Continuous+MASAC,42,-10.0,-109.218047548951,False,0.0,0.0,1,False,False,2026-01-19T00:23:14.912134,Isaac Sim RRT
432,3,32,PPO-Continuous+MASAC,42,-10.0,-119.218047548951,False,0.0,0.0,1,False,False,2026-01-19T00:23:14.947176,Isaac Sim RRT
433,3,33,PPO-Continuous+MASAC,42,-10.0,-129.218047548951,False,0.0,0.0,1,False,False,2026-01-19T00:23:14.968194,Isaac Sim RRT
434,3,34,PPO-Continuous+MASAC,42,-10.0,-139.218047548951,False,0.0,0.0,1,False,False,2026-01-19T00:23:15.006731,Isaac Sim RRT
435,3,35,PPO-Continuous+MASAC,42,-10.0,-149.218047548951,False,0.0,0.0,1,False,False,2026-01-19T00:23:15.022297,Isaac Sim RRT
436,3,36,PPO-Continuous+MASAC,42,-10.0,-159.218047548951,False,0.0,0.0,1,False,False,2026-01-19T00:23:15.040301,Isaac Sim RRT
437,3,37,PPO-Continuous+MASAC,42,-10.0,-169.218047548951,False,0.0,0.0,1,False,False,2026-01-19T00:23:15.058818,Isaac Sim RRT
438,3,38,PPO-Continuous+MASAC,42,-10.0,-179.218047548951,False,0.0,0.0,1,False,False,2026-01-19T00:23:15.081853,Isaac Sim RRT
439,3,39,PPO-Continuous+MASAC,42,-10.0,-189.218047548951,False,0.0,0.0,1,False,False,2026-01-19T00:23:15.098380,Isaac Sim RRT
440,3,40,PPO-Continuous+MASAC,42,-10.0,-199.218047548951,False,0.0,0.0,1,False,False,2026-01-19T00:23:15.129907,Isaac Sim RRT
441,3,41,PPO-Continuous+MASAC,42,-10.0,-209.218047548951,False,0.0,0.0,1,False,False,2026-01-19T00:23:15.152190,Isaac Sim RRT
442,3,42,PPO-Continuous+MASAC,42,-10.0,-219.218047548951,False,0.0,0.0,1,False,False,2026-01-19T00:23:15.170237,Isaac Sim RRT
443,3,43,PPO-Continuous+MASAC,42,-10.0,-229.218047548951,False,0.0,0.0,1,False,False,2026-01-19T00:23:15.189746,Isaac Sim RRT
444,3,44,PPO-Continuous+MASAC,42,-10.0,-239.218047548951,False,0.0,0.0,1,False,False,2026-01-19T00:23:15.220725,Isaac Sim RRT
445,3,45,PPO-Continuous+MASAC,42,-10.0,-249.218047548951,False,0.0,0.0,1,False,False,2026-01-19T00:23:15.240740,Isaac Sim RRT
446,3,46,PPO-Continuous+MASAC,42,-10.0,-259.218047548951,False,0.0,0.0,1,False,False,2026-01-19T00:23:15.258247,Isaac Sim RRT
447,3,47,PPO-Continuous+MASAC,42,-10.0,-269.218047548951,False,0.0,0.0,1,False,False,2026-01-19T00:23:15.277260,Isaac Sim RRT
448,3,48,PPO-Continuous+MASAC,42,-10.0,-279.218047548951,False,0.0,0.0,1,False,False,2026-01-19T00:23:15.303771,Isaac Sim RRT
449,3,49,PPO-Continuous+MASAC,42,-10.0,-289.218047548951,False,0.0,0.0,1,False,False,2026-01-19T00:23:15.326162,Isaac Sim RRT
450,3,50,PPO-Continuous+MASAC,42,0.0,-289.218047548951,False,0.0,0.0,1,False,True,2026-01-19T00:23:15.343768,Isaac Sim RRT
451,1,1,SAC-Continuous+MASAC,42,-4.761319072129819,-4.761319072129819,True,0.0,0.0,0,False,False,2026-01-19T00:24:03.322420,Isaac Sim RRT
452,1,2,SAC-Continuous+MASAC,42,-4.000000030877683,-8.761319103007501,True,0.0,0.0,0,False,False,2026-01-19T00:24:05.729126,Isaac Sim RRT
453,1,3,SAC-Continuous+MASAC,42,27.373756312550974,18.612437209543472,True,0.0,0.0,1,False,False,2026-01-19T00:24:05.872594,Isaac Sim RRT
454,1,4,SAC-Continuous+MASAC,42,29.917328028795623,48.529765238339095,True,0.0,0.0,1,False,False,2026-01-19T00:24:05.901635,Isaac Sim RRT
455,1,5,SAC-Continuous+MASAC,42,30.999999969122314,79.52976520746141,True,0.0,0.0,1,False,False,2026-01-19T00:24:05.924365,Isaac Sim RRT
456,1,6,SAC-Continuous+MASAC,42,-10.0,69.52976520746141,False,0.0,0.0,1,False,False,2026-01-19T00:24:05.950535,Isaac Sim RRT
457,1,7,SAC-Continuous+MASAC,42,-10.0,59.52976520746141,False,0.0,0.0,1,False,False,2026-01-19T00:24:05.979206,Isaac Sim RRT
458,1,8,SAC-Continuous+MASAC,42,-10.0,49.52976520746141,False,0.0,0.0,1,False,False,2026-01-19T00:24:06.017330,Isaac Sim RRT
459,1,9,SAC-Continuous+MASAC,42,-10.0,39.52976520746141,False,0.0,0.0,1,False,False,2026-01-19T00:24:06.047388,Isaac Sim RRT
460,1,10,SAC-Continuous+MASAC,42,-10.0,29.52976520746141,False,0.0,0.0,1,False,False,2026-01-19T00:24:06.073966,Isaac Sim RRT
461,1,11,SAC-Continuous+MASAC,42,-10.0,19.52976520746141,False,0.0,0.0,1,False,False,2026-01-19T00:24:06.096009,Isaac Sim RRT
462,1,12,SAC-Continuous+MASAC,42,-10.0,9.52976520746141,False,0.0,0.0,1,False,False,2026-01-19T00:24:06.123647,Isaac Sim RRT
463,1,13,SAC-Continuous+MASAC,42,-10.0,-0.4702347925385908,False,0.0,0.0,1,False,False,2026-01-19T00:24:06.150700,Isaac Sim RRT
464,1,14,SAC-Continuous+MASAC,42,-10.0,-10.47023479253859,False,0.0,0.0,1,False,False,2026-01-19T00:24:06.176125,Isaac Sim RRT
465,1,15,SAC-Continuous+MASAC,42,-10.0,-20.47023479253859,False,0.0,0.0,1,False,False,2026-01-19T00:24:06.202763,Isaac Sim RRT
466,1,16,SAC-Continuous+MASAC,42,-10.0,-30.47023479253859,False,0.0,0.0,1,False,False,2026-01-19T00:24:06.230801,Isaac Sim RRT
467,1,17,SAC-Continuous+MASAC,42,-10.0,-40.47023479253859,False,0.0,0.0,1,False,False,2026-01-19T00:24:06.262382,Isaac Sim RRT
468,1,18,SAC-Continuous+MASAC,42,-10.0,-50.47023479253859,False,0.0,0.0,1,False,False,2026-01-19T00:24:06.290446,Isaac Sim RRT
469,1,19,SAC-Continuous+MASAC,42,-10.0,-60.47023479253859,False,0.0,0.0,1,False,False,2026-01-19T00:24:06.317521,Isaac Sim RRT
470,1,20,SAC-Continuous+MASAC,42,-10.0,-70.47023479253859,False,0.0,0.0,1,False,False,2026-01-19T00:24:06.337045,Isaac Sim RRT
471,1,21,SAC-Continuous+MASAC,42,-10.0,-80.47023479253859,False,0.0,0.0,1,False,False,2026-01-19T00:24:06.371674,Isaac Sim RRT
472,1,22,SAC-Continuous+MASAC,42,-10.0,-90.47023479253859,False,0.0,0.0,1,False,False,2026-01-19T00:24:06.404742,Isaac Sim RRT
473,1,23,SAC-Continuous+MASAC,42,-10.0,-100.47023479253859,False,0.0,0.0,1,False,False,2026-01-19T00:24:06.437574,Isaac Sim RRT
474,1,24,SAC-Continuous+MASAC,42,-10.0,-110.47023479253859,False,0.0,0.0,1,False,False,2026-01-19T00:24:06.460643,Isaac Sim RRT
475,1,25,SAC-Continuous+MASAC,42,-10.0,-120.47023479253859,False,0.0,0.0,1,False,False,2026-01-19T00:24:06.492190,Isaac Sim RRT
476,1,26,SAC-Continuous+MASAC,42,-10.0,-130.47023479253858,False,0.0,0.0,1,False,False,2026-01-19T00:24:06.510697,Isaac Sim RRT
477,1,27,SAC-Continuous+MASAC,42,-10.0,-140.47023479253858,False,0.0,0.0,1,False,False,2026-01-19T00:24:06.542797,Isaac Sim RRT
478,1,28,SAC-Continuous+MASAC,42,-10.0,-150.47023479253858,False,0.0,0.0,1,False,False,2026-01-19T00:24:06.568796,Isaac Sim RRT
479,1,29,SAC-Continuous+MASAC,42,-10.0,-160.47023479253858,False,0.0,0.0,1,False,False,2026-01-19T00:24:06.588841,Isaac Sim RRT
480,1,30,SAC-Continuous+MASAC,42,-10.0,-170.47023479253858,False,0.0,0.0,1,False,False,2026-01-19T00:24:06.614889,Isaac Sim RRT
481,1,31,SAC-Continuous+MASAC,42,-10.0,-180.47023479253858,False,0.0,0.0,1,False,False,2026-01-19T00:24:06.632693,Isaac Sim RRT
482,1,32,SAC-Continuous+MASAC,42,-10.0,-190.47023479253858,False,0.0,0.0,1,False,False,2026-01-19T00:24:06.670241,Isaac Sim RRT
483,1,33,SAC-Continuous+MASAC,42,-10.0,-200.47023479253858,False,0.0,0.0,1,False,False,2026-01-19T00:24:06.697104,Isaac Sim RRT
484,1,34,SAC-Continuous+MASAC,42,-10.0,-210.47023479253858,False,0.0,0.0,1,False,False,2026-01-19T00:24:06.726126,Isaac Sim RRT
485,1,35,SAC-Continuous+MASAC,42,-10.0,-220.47023479253858,False,0.0,0.0,1,False,False,2026-01-19T00:24:06.747259,Isaac Sim RRT
486,1,36,SAC-Continuous+MASAC,42,-10.0,-230.47023479253858,False,0.0,0.0,1,False,False,2026-01-19T00:24:06.773284,Isaac Sim RRT
487,1,37,SAC-Continuous+MASAC,42,-10.0,-240.47023479253858,False,0.0,0.0,1,False,False,2026-01-19T00:24:06.797808,Isaac Sim RRT
488,1,38,SAC-Continuous+MASAC,42,-10.0,-250.47023479253858,False,0.0,0.0,1,False,False,2026-01-19T00:24:06.821853,Isaac Sim RRT
489,1,39,SAC-Continuous+MASAC,42,-10.0,-260.4702347925386,False,0.0,0.0,1,False,False,2026-01-19T00:24:06.846378,Isaac Sim RRT
490,1,40,SAC-Continuous+MASAC,42,-10.0,-270.4702347925386,False,0.0,0.0,1,False,False,2026-01-19T00:24:06.870403,Isaac Sim RRT
491,1,41,SAC-Continuous+MASAC,42,-10.0,-280.4702347925386,False,0.0,0.0,1,False,False,2026-01-19T00:24:06.897439,Isaac Sim RRT
492,1,42,SAC-Continuous+MASAC,42,-10.0,-290.4702347925386,False,0.0,0.0,1,False,False,2026-01-19T00:24:06.913955,Isaac Sim RRT
493,1,43,SAC-Continuous+MASAC,42,-10.0,-300.4702347925386,False,0.0,0.0,1,False,False,2026-01-19T00:24:06.933482,Isaac Sim RRT
494,1,44,SAC-Continuous+MASAC,42,-10.0,-310.4702347925386,False,0.0,0.0,1,False,False,2026-01-19T00:24:06.951502,Isaac Sim RRT
495,1,45,SAC-Continuous+MASAC,42,-10.0,-320.4702347925386,False,0.0,0.0,1,False,False,2026-01-19T00:24:06.972722,Isaac Sim RRT
496,1,46,SAC-Continuous+MASAC,42,-10.0,-330.4702347925386,False,0.0,0.0,1,False,False,2026-01-19T00:24:06.997241,Isaac Sim RRT
497,1,47,SAC-Continuous+MASAC,42,-10.0,-340.4702347925386,False,0.0,0.0,1,False,False,2026-01-19T00:24:07.028824,Isaac Sim RRT
498,1,48,SAC-Continuous+MASAC,42,-10.0,-350.4702347925386,False,0.0,0.0,1,False,False,2026-01-19T00:24:07.050427,Isaac Sim RRT
499,1,49,SAC-Continuous+MASAC,42,-10.0,-360.4702347925386,False,0.0,0.0,1,False,False,2026-01-19T00:24:07.086068,Isaac Sim RRT
500,1,50,SAC-Continuous+MASAC,42,0.0,-360.4702347925386,False,0.0,0.0,1,False,True,2026-01-19T00:24:07.103129,Isaac Sim RRT
501,2,1,SAC-Continuous+MASAC,42,42.77067242449502,42.77067242449502,True,0.0,0.0,1,False,False,2026-01-19T00:24:07.172928,Isaac Sim RRT
502,2,2,SAC-Continuous+MASAC,42,30.98793443929901,73.75860686379403,True,0.0,0.0,1,False,False,2026-01-19T00:24:07.194446,Isaac Sim RRT
503,2,3,SAC-Continuous+MASAC,42,30.999999969122314,104.75860683291634,True,0.0,0.0,1,False,False,2026-01-19T00:24:07.213988,Isaac Sim RRT
504,2,4,SAC-Continuous+MASAC,42,30.950697301742935,135.70930413465928,True,0.0,0.0,1,False,False,2026-01-19T00:24:07.232236,Isaac Sim RRT
505,2,5,SAC-Continuous+MASAC,42,30.999999969122314,166.7093041037816,True,0.0,0.0,1,False,False,2026-01-19T00:24:07.255892,Isaac Sim RRT
506,2,6,SAC-Continuous+MASAC,42,-10.0,156.7093041037816,False,0.0,0.0,1,False,False,2026-01-19T00:24:07.283920,Isaac Sim RRT
507,2,7,SAC-Continuous+MASAC,42,-10.0,146.7093041037816,False,0.0,0.0,1,False,False,2026-01-19T00:24:07.310514,Isaac Sim RRT
508,2,8,SAC-Continuous+MASAC,42,-10.0,136.7093041037816,False,0.0,0.0,1,False,False,2026-01-19T00:24:07.332588,Isaac Sim RRT
509,2,9,SAC-Continuous+MASAC,42,-10.0,126.70930410378159,False,0.0,0.0,1,False,False,2026-01-19T00:24:07.350052,Isaac Sim RRT
510,2,10,SAC-Continuous+MASAC,42,-10.0,116.70930410378159,False,0.0,0.0,1,False,False,2026-01-19T00:24:07.377216,Isaac Sim RRT
511,2,11,SAC-Continuous+MASAC,42,-10.0,106.70930410378159,False,0.0,0.0,1,False,False,2026-01-19T00:24:07.407373,Isaac Sim RRT
512,2,12,SAC-Continuous+MASAC,42,-10.0,96.70930410378159,False,0.0,0.0,1,False,False,2026-01-19T00:24:07.437516,Isaac Sim RRT
513,2,13,SAC-Continuous+MASAC,42,-10.0,86.70930410378159,False,0.0,0.0,1,False,False,2026-01-19T00:24:07.462588,Isaac Sim RRT
514,2,14,SAC-Continuous+MASAC,42,-10.0,76.70930410378159,False,0.0,0.0,1,False,False,2026-01-19T00:24:07.482129,Isaac Sim RRT
515,2,15,SAC-Continuous+MASAC,42,-10.0,66.70930410378159,False,0.0,0.0,1,False,False,2026-01-19T00:24:07.496642,Isaac Sim RRT
516,2,16,SAC-Continuous+MASAC,42,-10.0,56.70930410378159,False,0.0,0.0,1,False,False,2026-01-19T00:24:07.513164,Isaac Sim RRT
517,2,17,SAC-Continuous+MASAC,42,-10.0,46.70930410378159,False,0.0,0.0,1,False,False,2026-01-19T00:24:07.536776,Isaac Sim RRT
518,2,18,SAC-Continuous+MASAC,42,-10.0,36.70930410378159,False,0.0,0.0,1,False,False,2026-01-19T00:24:07.576895,Isaac Sim RRT
519,2,19,SAC-Continuous+MASAC,42,-10.0,26.70930410378159,False,0.0,0.0,1,False,False,2026-01-19T00:24:07.608090,Isaac Sim RRT
520,2,20,SAC-Continuous+MASAC,42,-10.0,16.70930410378159,False,0.0,0.0,1,False,False,2026-01-19T00:24:07.639149,Isaac Sim RRT
521,2,21,SAC-Continuous+MASAC,42,-10.0,6.709304103781591,False,0.0,0.0,1,False,False,2026-01-19T00:24:07.662683,Isaac Sim RRT
522,2,22,SAC-Continuous+MASAC,42,-10.0,-3.290695896218409,False,0.0,0.0,1,False,False,2026-01-19T00:24:07.682651,Isaac Sim RRT
523,2,23,SAC-Continuous+MASAC,42,-10.0,-13.29069589621841,False,0.0,0.0,1,False,False,2026-01-19T00:24:07.722304,Isaac Sim RRT
524,2,24,SAC-Continuous+MASAC,42,-10.0,-23.29069589621841,False,0.0,0.0,1,False,False,2026-01-19T00:24:07.758374,Isaac Sim RRT
525,2,25,SAC-Continuous+MASAC,42,-10.0,-33.29069589621841,False,0.0,0.0,1,False,False,2026-01-19T00:24:07.786917,Isaac Sim RRT
526,2,26,SAC-Continuous+MASAC,42,-10.0,-43.29069589621841,False,0.0,0.0,1,False,False,2026-01-19T00:24:07.811987,Isaac Sim RRT
527,2,27,SAC-Continuous+MASAC,42,-10.0,-53.29069589621841,False,0.0,0.0,1,False,False,2026-01-19T00:24:07.845384,Isaac Sim RRT
528,2,28,SAC-Continuous+MASAC,42,-10.0,-63.29069589621841,False,0.0,0.0,1,False,False,2026-01-19T00:24:07.867435,Isaac Sim RRT
529,2,29,SAC-Continuous+MASAC,42,-10.0,-73.29069589621841,False,0.0,0.0,1,False,False,2026-01-19T00:24:07.900574,Isaac Sim RRT
530,2,30,SAC-Continuous+MASAC,42,-10.0,-83.29069589621841,False,0.0,0.0,1,False,False,2026-01-19T00:24:07.919219,Isaac Sim RRT
531,2,31,SAC-Continuous+MASAC,42,-10.0,-93.29069589621841,False,0.0,0.0,1,False,False,2026-01-19T00:24:07.937761,Isaac Sim RRT
532,2,32,SAC-Continuous+MASAC,42,-10.0,-103.29069589621841,False,0.0,0.0,1,False,False,2026-01-19T00:24:07.956330,Isaac Sim RRT
533,2,33,SAC-Continuous+MASAC,42,-10.0,-113.29069589621841,False,0.0,0.0,1,False,False,2026-01-19T00:24:07.972839,Isaac Sim RRT
534,2,34,SAC-Continuous+MASAC,42,-10.0,-123.29069589621841,False,0.0,0.0,1,False,False,2026-01-19T00:24:07.990352,Isaac Sim RRT
535,2,35,SAC-Continuous+MASAC,42,-10.0,-133.2906958962184,False,0.0,0.0,1,False,False,2026-01-19T00:24:08.010870,Isaac Sim RRT
536,2,36,SAC-Continuous+MASAC,42,-10.0,-143.2906958962184,False,0.0,0.0,1,False,False,2026-01-19T00:24:08.030402,Isaac Sim RRT
537,2,37,SAC-Continuous+MASAC,42,-10.0,-153.2906958962184,False,0.0,0.0,1,False,False,2026-01-19T00:24:08.057142,Isaac Sim RRT
538,2,38,SAC-Continuous+MASAC,42,-10.0,-163.2906958962184,False,0.0,0.0,1,False,False,2026-01-19T00:24:08.084820,Isaac Sim RRT
539,2,39,SAC-Continuous+MASAC,42,-10.0,-173.2906958962184,False,0.0,0.0,1,False,False,2026-01-19T00:24:08.108852,Isaac Sim RRT
540,2,40,SAC-Continuous+MASAC,42,-10.0,-183.2906958962184,False,0.0,0.0,1,False,False,2026-01-19T00:24:08.136427,Isaac Sim RRT
541,2,41,SAC-Continuous+MASAC,42,-10.0,-193.2906958962184,False,0.0,0.0,1,False,False,2026-01-19T00:24:08.159951,Isaac Sim RRT
542,2,42,SAC-Continuous+MASAC,42,-10.0,-203.2906958962184,False,0.0,0.0,1,False,False,2026-01-19T00:24:08.187018,Isaac Sim RRT
543,2,43,SAC-Continuous+MASAC,42,-10.0,-213.2906958962184,False,0.0,0.0,1,False,False,2026-01-19T00:24:08.222739,Isaac Sim RRT
544,2,44,SAC-Continuous+MASAC,42,-10.0,-223.2906958962184,False,0.0,0.0,1,False,False,2026-01-19T00:24:08.244956,Isaac Sim RRT
545,2,45,SAC-Continuous+MASAC,42,-10.0,-233.2906958962184,False,0.0,0.0,1,False,False,2026-01-19T00:24:08.279540,Isaac Sim RRT
546,2,46,SAC-Continuous+MASAC,42,-10.0,-243.2906958962184,False,0.0,0.0,1,False,False,2026-01-19T00:24:08.297620,Isaac Sim RRT
547,2,47,SAC-Continuous+MASAC,42,-10.0,-253.2906958962184,False,0.0,0.0,1,False,False,2026-01-19T00:24:08.314663,Isaac Sim RRT
548,2,48,SAC-Continuous+MASAC,42,-10.0,-263.2906958962184,False,0.0,0.0,1,False,False,2026-01-19T00:24:08.333296,Isaac Sim RRT
549,2,49,SAC-Continuous+MASAC,42,-10.0,-273.2906958962184,False,0.0,0.0,1,False,False,2026-01-19T00:24:08.354842,Isaac Sim RRT
550,2,50,SAC-Continuous+MASAC,42,0.0,-273.2906958962184,False,0.0,0.0,1,False,True,2026-01-19T00:24:08.369877,Isaac Sim RRT
551,3,1,SAC-Continuous+MASAC,42,43.28830684486754,43.28830684486754,True,0.0,0.0,1,False,False,2026-01-19T00:24:08.445012,Isaac Sim RRT
552,3,2,SAC-Continuous+MASAC,42,30.968376307604217,74.25668315247177,True,0.0,0.0,1,False,False,2026-01-19T00:24:08.462052,Isaac Sim RRT
553,3,3,SAC-Continuous+MASAC,42,30.999999969122314,105.25668312159408,True,0.0,0.0,1,False,False,2026-01-19T00:24:08.480558,Isaac Sim RRT
554,3,4,SAC-Continuous+MASAC,42,30.980344443437957,136.23702756503204,True,0.0,0.0,1,False,False,2026-01-19T00:24:08.514275,Isaac Sim RRT
555,3,5,SAC-Continuous+MASAC,42,30.999999969122314,167.23702753415435,True,0.0,0.0,1,False,False,2026-01-19T00:24:08.540357,Isaac Sim RRT
556,3,6,SAC-Continuous+MASAC,42,-10.0,157.23702753415435,False,0.0,0.0,1,False,False,2026-01-19T00:24:08.557918,Isaac Sim RRT
557,3,7,SAC-Continuous+MASAC,42,-10.0,147.23702753415435,False,0.0,0.0,1,False,False,2026-01-19T00:24:08.577025,Isaac Sim RRT
558,3,8,SAC-Continuous+MASAC,42,-10.0,137.23702753415435,False,0.0,0.0,1,False,False,2026-01-19T00:24:08.613104,Isaac Sim RRT
559,3,9,SAC-Continuous+MASAC,42,-10.0,127.23702753415435,False,0.0,0.0,1,False,False,2026-01-19T00:24:08.632163,Isaac Sim RRT
560,3,10,SAC-Continuous+MASAC,42,-10.0,117.23702753415435,False,0.0,0.0,1,False,False,2026-01-19T00:24:08.655921,Isaac Sim RRT
561,3,11,SAC-Continuous+MASAC,42,-10.0,107.23702753415435,False,0.0,0.0,1,False,False,2026-01-19T00:24:08.683498,Isaac Sim RRT
562,3,12,SAC-Continuous+MASAC,42,-10.0,97.23702753415435,False,0.0,0.0,1,False,False,2026-01-19T00:24:08.705557,Isaac Sim RRT
563,3,13,SAC-Continuous+MASAC,42,-10.0,87.23702753415435,False,0.0,0.0,1,False,False,2026-01-19T00:24:08.728717,Isaac Sim RRT
564,3,14,SAC-Continuous+MASAC,42,-10.0,77.23702753415435,False,0.0,0.0,1,False,False,2026-01-19T00:24:08.754770,Isaac Sim RRT
565,3,15,SAC-Continuous+MASAC,42,-10.0,67.23702753415435,False,0.0,0.0,1,False,False,2026-01-19T00:24:08.780784,Isaac Sim RRT
566,3,16,SAC-Continuous+MASAC,42,-10.0,57.23702753415435,False,0.0,0.0,1,False,False,2026-01-19T00:24:08.802851,Isaac Sim RRT
567,3,17,SAC-Continuous+MASAC,42,-10.0,47.23702753415435,False,0.0,0.0,1,False,False,2026-01-19T00:24:08.828422,Isaac Sim RRT
568,3,18,SAC-Continuous+MASAC,42,-10.0,37.23702753415435,False,0.0,0.0,1,False,False,2026-01-19T00:24:08.853007,Isaac Sim RRT
569,3,19,SAC-Continuous+MASAC,42,-10.0,27.23702753415435,False,0.0,0.0,1,False,False,2026-01-19T00:24:08.880048,Isaac Sim RRT
570,3,20,SAC-Continuous+MASAC,42,-10.0,17.23702753415435,False,0.0,0.0,1,False,False,2026-01-19T00:24:08.910096,Isaac Sim RRT
571,3,21,SAC-Continuous+MASAC,42,-10.0,7.23702753415435,False,0.0,0.0,1,False,False,2026-01-19T00:24:08.928634,Isaac Sim RRT
572,3,22,SAC-Continuous+MASAC,42,-10.0,-2.7629724658456496,False,0.0,0.0,1,False,False,2026-01-19T00:24:08.947188,Isaac Sim RRT
573,3,23,SAC-Continuous+MASAC,42,-10.0,-12.76297246584565,False,0.0,0.0,1,False,False,2026-01-19T00:24:08.973776,Isaac Sim RRT
574,3,24,SAC-Continuous+MASAC,42,-10.0,-22.76297246584565,False,0.0,0.0,1,False,False,2026-01-19T00:24:08.991808,Isaac Sim RRT
575,3,25,SAC-Continuous+MASAC,42,-10.0,-32.76297246584565,False,0.0,0.0,1,False,False,2026-01-19T00:24:09.021895,Isaac Sim RRT
576,3,26,SAC-Continuous+MASAC,42,-10.0,-42.76297246584565,False,0.0,0.0,1,False,False,2026-01-19T00:24:09.049453,Isaac Sim RRT
577,3,27,SAC-Continuous+MASAC,42,-10.0,-52.76297246584565,False,0.0,0.0,1,False,False,2026-01-19T00:24:09.067471,Isaac Sim RRT
578,3,28,SAC-Continuous+MASAC,42,-10.0,-62.76297246584565,False,0.0,0.0,1,False,False,2026-01-19T00:24:09.087180,Isaac Sim RRT
579,3,29,SAC-Continuous+MASAC,42,-10.0,-72.76297246584565,False,0.0,0.0,1,False,False,2026-01-19T00:24:09.120727,Isaac Sim RRT
580,3,30,SAC-Continuous+MASAC,42,-10.0,-82.76297246584565,False,0.0,0.0,1,False,False,2026-01-19T00:24:09.146255,Isaac Sim RRT
581,3,31,SAC-Continuous+MASAC,42,-10.0,-92.76297246584565,False,0.0,0.0,1,False,False,2026-01-19T00:24:09.179292,Isaac Sim RRT
582,3,32,SAC-Continuous+MASAC,42,-10.0,-102.76297246584565,False,0.0,0.0,1,False,False,2026-01-19T00:24:09.210854,Isaac Sim RRT
583,3,33,SAC-Continuous+MASAC,42,-10.0,-112.76297246584565,False,0.0,0.0,1,False,False,2026-01-19T00:24:09.239429,Isaac Sim RRT
584,3,34,SAC-Continuous+MASAC,42,-10.0,-122.76297246584565,False,0.0,0.0,1,False,False,2026-01-19T00:24:09.262985,Isaac Sim RRT
585,3,35,SAC-Continuous+MASAC,42,-10.0,-132.76297246584565,False,0.0,0.0,1,False,False,2026-01-19T00:24:09.278493,Isaac Sim RRT
586,3,36,SAC-Continuous+MASAC,42,-10.0,-142.76297246584565,False,0.0,0.0,1,False,False,2026-01-19T00:24:09.298448,Isaac Sim RRT
587,3,37,SAC-Continuous+MASAC,42,-10.0,-152.76297246584565,False,0.0,0.0,1,False,False,2026-01-19T00:24:09.315467,Isaac Sim RRT
588,3,38,SAC-Continuous+MASAC,42,-10.0,-162.76297246584565,False,0.0,0.0,1,False,False,2026-01-19T00:24:09.334983,Isaac Sim RRT
589,3,39,SAC-Continuous+MASAC,42,-10.0,-172.76297246584565,False,0.0,0.0,1,False,False,2026-01-19T00:24:09.358502,Isaac Sim RRT
590,3,40,SAC-Continuous+MASAC,42,-10.0,-182.76297246584565,False,0.0,0.0,1,False,False,2026-01-19T00:24:09.378531,Isaac Sim RRT
591,3,41,SAC-Continuous+MASAC,42,-10.0,-192.76297246584565,False,0.0,0.0,1,False,False,2026-01-19T00:24:09.402412,Isaac Sim RRT
592,3,42,SAC-Continuous+MASAC,42,-10.0,-202.76297246584565,False,0.0,0.0,1,False,False,2026-01-19T00:24:09.426611,Isaac Sim RRT
593,3,43,SAC-Continuous+MASAC,42,-10.0,-212.76297246584565,False,0.0,0.0,1,False,False,2026-01-19T00:24:09.451643,Isaac Sim RRT
594,3,44,SAC-Continuous+MASAC,42,-10.0,-222.76297246584565,False,0.0,0.0,1,False,False,2026-01-19T00:24:09.467665,Isaac Sim RRT
595,3,45,SAC-Continuous+MASAC,42,-10.0,-232.76297246584565,False,0.0,0.0,1,False,False,2026-01-19T00:24:09.495201,Isaac Sim RRT
596,3,46,SAC-Continuous+MASAC,42,-10.0,-242.76297246584565,False,0.0,0.0,1,False,False,2026-01-19T00:24:09.521770,Isaac Sim RRT
597,3,47,SAC-Continuous+MASAC,42,-10.0,-252.76297246584565,False,0.0,0.0,1,False,False,2026-01-19T00:24:09.538810,Isaac Sim RRT
598,3,48,SAC-Continuous+MASAC,42,-10.0,-262.7629724658457,False,0.0,0.0,1,False,False,2026-01-19T00:24:09.555440,Isaac Sim RRT
599,3,49,SAC-Continuous+MASAC,42,-10.0,-272.7629724658457,False,0.0,0.0,1,False,False,2026-01-19T00:24:09.579480,Isaac Sim RRT
600,3,50,SAC-Continuous+MASAC,42,0.0,-272.7629724658457,False,0.0,0.0,1,False,True,2026-01-19T00:24:09.592523,Isaac Sim RRT
